{
"type": "FeatureCollection",
"name": "lagos_LGA_boundary",
"crs": { "type": "name", "properties": { "name": "urn:ogc:def:crs:OGC:1.3:CRS84" } },
"features": [
{ "type": "Feature", "properties": { "id": 28900, "name": "Ikorodu", "code": "25012", "timestamp": "2019-08-09T11:24:17Z", "state_code": "LA" }, "geometry": { "type": "MultiPolygon", "coordinates": [ [ [ [ 3.628529152000056, 6.538714933000051 ], [ 3.62696926700005, 6.540570267000021 ], [ 3.625363423000067, 6.542425655000045 ], [ 3.619586776000062, 6.546657770000024 ], [ 3.618404683000051, 6.547520822000024 ], [ 3.612742314000059, 6.548102158000063 ], [ 3.607872488000055, 6.548648010000022 ], [ 3.605309047000048, 6.547123203000069 ], [ 3.600057511000045, 6.545463744000074 ], [ 3.598679680000032, 6.545970859000022 ], [ 3.597260641000048, 6.546522535000065 ], [ 3.592109993000065, 6.545973377000053 ], [ 3.588398988000051, 6.548639127000058 ], [ 3.585124557000029, 6.548106844000074 ], [ 3.576580370000045, 6.542857149000042 ], [ 3.572048475000031, 6.538193233000072 ], [ 3.571830970000065, 6.53774497400002 ], [ 3.568879482000057, 6.534914598000057 ], [ 3.567304922000062, 6.53074237800007 ], [ 3.565212401000053, 6.525594245000036 ], [ 3.561095168000065, 6.524507477000043 ], [ 3.560997040000075, 6.522343997000064 ], [ 3.555192355000031, 6.518712524000023 ], [ 3.543959932000064, 6.522601980000047 ], [ 3.542903419000027, 6.522832880000067 ], [ 3.541081561000055, 6.523462856000037 ], [ 3.537955044000057, 6.52142897300007 ], [ 3.532575407000024, 6.517697208000072 ], [ 3.530399530000068, 6.51664259100005 ], [ 3.524254908000046, 6.513554867000039 ], [ 3.518144772000028, 6.514158558000076 ], [ 3.514009998000063, 6.514484453000023 ], [ 3.512264174000052, 6.514593450000064 ], [ 3.507995420000043, 6.518764144000045 ], [ 3.498607123000056, 6.521908748000044 ], [ 3.496895432000031, 6.522482056000058 ], [ 3.495807356000057, 6.519310760000053 ], [ 3.493915410000056, 6.517828723000036 ], [ 3.489606364000053, 6.516181491000054 ], [ 3.480733687000054, 6.521886265000035 ], [ 3.474971331000063, 6.527085364000072 ], [ 3.471673547000023, 6.532066697000062 ], [ 3.467488910000043, 6.535612807000064 ], [ 3.467396386000075, 6.53905936600006 ], [ 3.466467258000023, 6.54358372300004 ], [ 3.46847755400006, 6.543629721000059 ], [ 3.471689817000026, 6.549418700000047 ], [ 3.472315399000024, 6.552984249000076 ], [ 3.470641640000053, 6.554565453000066 ], [ 3.470905117000029, 6.554804543000046 ], [ 3.470047127000043, 6.558610823000038 ], [ 3.470265121000068, 6.561386940000034 ], [ 3.471648563000031, 6.563919356000042 ], [ 3.475579874000061, 6.570636246000049 ], [ 3.475720480000064, 6.572123274000035 ], [ 3.476595346000067, 6.574006508000025 ], [ 3.478665001000024, 6.575934551000046 ], [ 3.482117474000063, 6.582272722000027 ], [ 3.487925712000049, 6.600969847000044 ], [ 3.482822755000029, 6.598815037000065 ], [ 3.481258383000068, 6.596794628000055 ], [ 3.479191628000024, 6.597991390000061 ], [ 3.482379816000048, 6.602173116000074 ], [ 3.482412464000049, 6.602215938000029 ], [ 3.482411475000049, 6.602302837000025 ], [ 3.481479669000066, 6.606386622000059 ], [ 3.480930827000066, 6.606711582000059 ], [ 3.479797613000073, 6.607049662000065 ], [ 3.477209629000072, 6.607863981000037 ], [ 3.475768026000026, 6.606088520000071 ], [ 3.475231177000069, 6.605338470000049 ], [ 3.474647893000054, 6.604082983000069 ], [ 3.473205321000023, 6.601265917000035 ], [ 3.467889977000027, 6.601255617000049 ], [ 3.46566927300006, 6.601686590000043 ], [ 3.464290826000024, 6.601871688000074 ], [ 3.464856977000068, 6.601212503000056 ], [ 3.466784774000075, 6.598790517000054 ], [ 3.466629402000024, 6.596447067000042 ], [ 3.465250056000059, 6.595651839000027 ], [ 3.464849367000056, 6.593048216000057 ], [ 3.464695177000067, 6.591960808000067 ], [ 3.461783981000053, 6.591059770000072 ], [ 3.455478710000023, 6.597207939000043 ], [ 3.450871065000058, 6.600566692000029 ], [ 3.444901935000075, 6.606040461000021 ], [ 3.441747237000072, 6.606992964000028 ], [ 3.44176198200006, 6.607057576000045 ], [ 3.441901017000021, 6.607666805000065 ], [ 3.441687078000029, 6.608249066000042 ], [ 3.441657067000051, 6.608953705000033 ], [ 3.441611995000073, 6.609949393000022 ], [ 3.44127542800004, 6.610439857000074 ], [ 3.440846841000052, 6.610807861000069 ], [ 3.442611090000071, 6.613777921000064 ], [ 3.443592506000073, 6.614941189000035 ], [ 3.444144394000034, 6.61541554400003 ], [ 3.445952368000064, 6.615858138000021 ], [ 3.447270943000035, 6.617176722000067 ], [ 3.449142809000023, 6.619447312000034 ], [ 3.451809937000064, 6.621313646000033 ], [ 3.452683391000051, 6.621634522000022 ], [ 3.452423951000071, 6.622706992000076 ], [ 3.451719572000059, 6.623013986000046 ], [ 3.451520610000046, 6.623213296000074 ], [ 3.449806486000057, 6.624945744000058 ], [ 3.445165926000072, 6.62608343100004 ], [ 3.444906496000044, 6.627186535000021 ], [ 3.440315922000025, 6.632904112000062 ], [ 3.43844754600002, 6.633518473000038 ], [ 3.434958451000057, 6.637672631000044 ], [ 3.432202646000064, 6.639559115000054 ], [ 3.431207830000062, 6.640632218000064 ], [ 3.431462138000029, 6.640641187000028 ], [ 3.440269059000059, 6.640770993000046 ], [ 3.452062009000031, 6.640944811000054 ], [ 3.448072500000023, 6.654906623000045 ], [ 3.447675807065417, 6.661772915610614 ], [ 3.44207406633398, 6.662760986191519 ], [ 3.442467865349399, 6.668537135773541 ], [ 3.444150577907224, 6.671089693523351 ], [ 3.443471018007261, 6.673893769057161 ], [ 3.439770517523136, 6.675487673556809 ], [ 3.439240083514254, 6.682807433257341 ], [ 3.443198472849416, 6.685909036193821 ], [ 3.453939758828662, 6.676738907993282 ], [ 3.45901996071644, 6.673523020342545 ], [ 3.461350586000037, 6.683327683000073 ], [ 3.483216966000043, 6.683319831000063 ], [ 3.491505332000031, 6.68331162800007 ], [ 3.49477648900006, 6.683336115000031 ], [ 3.509187191000024, 6.683254409000028 ], [ 3.523961755000073, 6.683210189000022 ], [ 3.529810492000024, 6.683222855000054 ], [ 3.529879263000055, 6.683223003000023 ], [ 3.552492311000037, 6.683281757000032 ], [ 3.552690668000025, 6.68330751000002 ], [ 3.553418415000067, 6.683335412000076 ], [ 3.563146891000031, 6.683410542000047 ], [ 3.567340847000025, 6.683434447000025 ], [ 3.57591072300005, 6.683520231000045 ], [ 3.578946078000058, 6.683545391000052 ], [ 3.580114156000036, 6.683467430000064 ], [ 3.580441548000067, 6.683391082000071 ], [ 3.581077255000025, 6.683321404000026 ], [ 3.581781931000023, 6.68327462000002 ], [ 3.583888424000065, 6.683241492000036 ], [ 3.58537443900002, 6.683201435000058 ], [ 3.60144533700003, 6.683167319000063 ], [ 3.601491448000047, 6.683272731000045 ], [ 3.61832624300007, 6.68329112300006 ], [ 3.632107836000046, 6.683306179000056 ], [ 3.670958075000044, 6.682991510000022 ], [ 3.681562272000065, 6.682929080000065 ], [ 3.684938137000074, 6.68342698500004 ], [ 3.687522770000044, 6.682992593000051 ], [ 3.690421576000062, 6.682371701000022 ], [ 3.691189019000035, 6.682371963000037 ], [ 3.692374776000065, 6.682786340000064 ], [ 3.696285484000043, 6.684152984000036 ], [ 3.699014341000066, 6.684149117000061 ], [ 3.699150216000021, 6.678692261000037 ], [ 3.69708380700007, 6.673166724000055 ], [ 3.695045669000024, 6.670680594000032 ], [ 3.692505321000056, 6.668506284000046 ], [ 3.690606626000033, 6.663004403000059 ], [ 3.690962958000057, 6.661065348000022 ], [ 3.690790518000028, 6.657571401000041 ], [ 3.689952087000052, 6.657093917000054 ], [ 3.68960633100005, 6.656122740000058 ], [ 3.688361015000055, 6.655675314000064 ], [ 3.68734328000005, 6.653628080000033 ], [ 3.686495846000071, 6.65010634600003 ], [ 3.683955982000043, 6.641245139000034 ], [ 3.68376280800004, 6.64002004300005 ], [ 3.684090500000025, 6.638806858000066 ], [ 3.685847744000057, 6.638402357000075 ], [ 3.687282199000038, 6.637205643000073 ], [ 3.689461086000051, 6.634330679000072 ], [ 3.690836123000054, 6.631732533000047 ], [ 3.690087375000076, 6.630309093000051 ], [ 3.689981661000047, 6.628643515000022 ], [ 3.691027112000029, 6.628630573000066 ], [ 3.691612600000042, 6.628319588000068 ], [ 3.691842037000072, 6.628078026000026 ], [ 3.692610236000064, 6.626974131000054 ], [ 3.693163198000036, 6.62805320700005 ], [ 3.694104896000056, 6.627787673000057 ], [ 3.694770576000053, 6.627315744000043 ], [ 3.695871808000049, 6.626119477000032 ], [ 3.696812759000068, 6.625325503000056 ], [ 3.697076189000029, 6.624750746000075 ], [ 3.697190284000044, 6.624187686000027 ], [ 3.697097537000047, 6.623590454000066 ], [ 3.696958321000068, 6.622625679000066 ], [ 3.698185685000055, 6.621268402000055 ], [ 3.69857601800004, 6.621072561000062 ], [ 3.698954005000076, 6.620267889000047 ], [ 3.699457654000071, 6.61895757800005 ], [ 3.699709751000057, 6.618497713000068 ], [ 3.699697665000031, 6.618072684000026 ], [ 3.699593849000053, 6.61777414900007 ], [ 3.69948980700002, 6.617314785000076 ], [ 3.699581197000043, 6.616947049000032 ], [ 3.69969523900005, 6.616349526000022 ], [ 3.699464471000056, 6.615637611000068 ], [ 3.69940607500007, 6.614959917000022 ], [ 3.699485929000048, 6.614557733000026 ], [ 3.69935907200005, 6.614213279000069 ], [ 3.699301017000039, 6.613776826000048 ], [ 3.699691554000026, 6.613730326000052 ], [ 3.700047271000074, 6.61343114500005 ], [ 3.700138288000062, 6.612799191000022 ], [ 3.699907844000052, 6.612317030000042 ], [ 3.700022209000053, 6.611949261000063 ], [ 3.699859854000067, 6.610869642000068 ], [ 3.700604891000069, 6.609662381000021 ], [ 3.698649239000076, 6.607769652000059 ], [ 3.696959210000045, 6.606864488000042 ], [ 3.700702774000035, 6.597577138000077 ], [ 3.694787237000071, 6.592836012000021 ], [ 3.689902135000068, 6.590832430000034 ], [ 3.687502916000028, 6.586527821000061 ], [ 3.683959175000041, 6.585288176000063 ], [ 3.682566963000056, 6.582274533000032 ], [ 3.678879407000068, 6.580843580000021 ], [ 3.675378417000047, 6.575774537000029 ], [ 3.669534981000027, 6.572814702000073 ], [ 3.664199575000055, 6.565402216000052 ], [ 3.662293367000075, 6.562150210000027 ], [ 3.657166098000062, 6.557657544000051 ], [ 3.650365904000068, 6.554842303000044 ], [ 3.64179419200002, 6.551502700000071 ], [ 3.635467688000062, 6.544665861000055 ], [ 3.63407426200007, 6.540359650000028 ], [ 3.632924744000036, 6.539690969000048 ], [ 3.628529152000056, 6.538714933000051 ] ] ] ] } },
{ "type": "Feature", "properties": { "id": 28898, "name": "Badagry", "code": "25006", "timestamp": "2019-08-09T11:24:18Z", "state_code": "LA" }, "geometry": { "type": "MultiPolygon", "coordinates": [ [ [ [ 3.092193015000021, 6.467603273000066 ], [ 3.093455261000031, 6.461111965000043 ], [ 3.093971543000066, 6.458009938000032 ], [ 3.095005073000038, 6.457090655000059 ], [ 3.09431580100005, 6.456344022000053 ], [ 3.096440126000061, 6.453701238000065 ], [ 3.097759800000063, 6.447669451000024 ], [ 3.098046492000037, 6.445371668000064 ], [ 3.098415917000068, 6.443289855000046 ], [ 3.099830041000075, 6.439446966000048 ], [ 3.102012631000036, 6.436898814000074 ], [ 3.104074040000057, 6.434957277000024 ], [ 3.105257296000048, 6.434905835000052 ], [ 3.106125099000053, 6.434674156000028 ], [ 3.105407519000039, 6.431924001000027 ], [ 3.106377215000066, 6.429254759000059 ], [ 3.10892364700004, 6.427070461000028 ], [ 3.109044333000043, 6.424280073000034 ], [ 3.107466070000044, 6.416515918000073 ], [ 3.106295935000048, 6.410761619000027 ], [ 3.100684295000065, 6.409004033000031 ], [ 3.094272061000026, 6.408622296000033 ], [ 3.089008613000033, 6.410155058000043 ], [ 3.082213753000076, 6.411017841000046 ], [ 3.075514462000058, 6.411114610000027 ], [ 3.068432170000051, 6.409870998000031 ], [ 3.067571022000038, 6.411307196000052 ], [ 3.06216822600004, 6.415499753000063 ], [ 3.061446441000044, 6.41552047700003 ], [ 3.047664734000023, 6.413894382000024 ], [ 3.03101182000006, 6.409778886000026 ], [ 3.030533225000056, 6.408534309000061 ], [ 3.028140521000068, 6.406619667000029 ], [ 3.023929467000073, 6.404609362000031 ], [ 3.022972315000061, 6.401928715000054 ], [ 3.020770954000056, 6.397046121000074 ], [ 3.006941508000068, 6.396614782000029 ], [ 2.999488263000046, 6.395652081000037 ], [ 2.992195815000059, 6.394732928000053 ], [ 2.984558836000076, 6.394933808000076 ], [ 2.972902389000069, 6.395105655000066 ], [ 2.961963725000032, 6.394903911000029 ], [ 2.954068373000041, 6.39473093600003 ], [ 2.931257643000038, 6.394588870000064 ], [ 2.925151907000043, 6.394530575000033 ], [ 2.912939911000024, 6.393723646000069 ], [ 2.907029482000041, 6.39332433800007 ], [ 2.900613709000027, 6.393200592000028 ], [ 2.891819930000054, 6.393004963000067 ], [ 2.88328238500003, 6.392767028000037 ], [ 2.880095156000039, 6.392656183000042 ], [ 2.875157021000064, 6.392540122000071 ], [ 2.865424365000024, 6.392106843000022 ], [ 2.84851423200007, 6.391527710000048 ], [ 2.844006731000036, 6.391555084000061 ], [ 2.841193421000071, 6.390635133000046 ], [ 2.83375746300004, 6.390776391000031 ], [ 2.830283703000021, 6.390286991000039 ], [ 2.824541939000028, 6.389567025000076 ], [ 2.819086948000063, 6.38982363100007 ], [ 2.809986280000032, 6.388728932000049 ], [ 2.79913437700003, 6.387575950000041 ], [ 2.794282951000071, 6.386224122000044 ], [ 2.791679488000057, 6.385746203000053 ], [ 2.784904075000043, 6.385542367000028 ], [ 2.780195830000025, 6.38519572000007 ], [ 2.761478299000032, 6.382659902000057 ], [ 2.755162673000029, 6.381680409000069 ], [ 2.748502547000044, 6.38072939400007 ], [ 2.744081392000055, 6.380554889000052 ], [ 2.739919028000031, 6.379576277000069 ], [ 2.734033656000065, 6.379515830000059 ], [ 2.727287618000048, 6.378306007000049 ], [ 2.721288067000046, 6.377067778000026 ], [ 2.716149502000064, 6.376404384000068 ], [ 2.708771424000076, 6.376141777000043 ], [ 2.705958595000027, 6.374991328000021 ], [ 2.699843441000041, 6.375246297000047 ], [ 2.699867221000034, 6.383719103000033 ], [ 2.700151239000036, 6.389003993000074 ], [ 2.701550486000031, 6.401986840000063 ], [ 2.701518254000064, 6.408047018000048 ], [ 2.70148737300002, 6.411780769000075 ], [ 2.699844795000047, 6.422119474000056 ], [ 2.699728451000055, 6.424675599000068 ], [ 2.699554372000023, 6.426241574000073 ], [ 2.699168415000031, 6.431572015000029 ], [ 2.699197158000061, 6.434773496000048 ], [ 2.699392879000072, 6.440471910000042 ], [ 2.699619959000074, 6.444929582000043 ], [ 2.699417852000067, 6.450076313000068 ], [ 2.69883079300007, 6.458776588000035 ], [ 2.700560978000055, 6.459267784000076 ], [ 2.704643682000039, 6.459847242000023 ], [ 2.714189558000044, 6.460776782000039 ], [ 2.722979404000057, 6.461516907000032 ], [ 2.729841017000069, 6.459789657000044 ], [ 2.73187419900006, 6.457991724000067 ], [ 2.732905239000047, 6.457079981000049 ], [ 2.734591063000039, 6.454599340000073 ], [ 2.737731412000073, 6.452640256000052 ], [ 2.743566009000062, 6.45256663400005 ], [ 2.749891227000035, 6.452614231000041 ], [ 2.759232691000022, 6.452542139000059 ], [ 2.766353496000022, 6.452813520000063 ], [ 2.769837213000073, 6.453217205000044 ], [ 2.773416477000069, 6.454003860000057 ], [ 2.78107092700003, 6.459808934000023 ], [ 2.781732634000036, 6.460237014000029 ], [ 2.782314851000024, 6.460613668000065 ], [ 2.783166556000026, 6.460786232000032 ], [ 2.788104946000033, 6.461764840000058 ], [ 2.793675321000023, 6.462111786000037 ], [ 2.799016617000063, 6.460878901000058 ], [ 2.804066368000065, 6.459226036000075 ], [ 2.805765242000064, 6.458669968000038 ], [ 2.813079117000029, 6.455998417000046 ], [ 2.818306921000044, 6.454585548000068 ], [ 2.82367610700004, 6.451477047000026 ], [ 2.828480003000038, 6.446814533000065 ], [ 2.831411786000047, 6.44494905800002 ], [ 2.83187070200006, 6.44486420800007 ], [ 2.834914023000067, 6.445698126000025 ], [ 2.839162639000051, 6.448657800000035 ], [ 2.839451280000048, 6.448805821000064 ], [ 2.858211869191157, 6.449129903404746 ], [ 2.858835920598459, 6.457046653578489 ], [ 2.858630363898998, 6.460029679938047 ], [ 2.858118389786983, 6.463170001472444 ], [ 2.860012808675617, 6.466842634266666 ], [ 2.864630738031127, 6.469266819551379 ], [ 2.876474835342115, 6.469935574137719 ], [ 2.884268396520827, 6.474297454588175 ], [ 2.888786655909086, 6.481257193730147 ], [ 2.889366554494547, 6.486528292809849 ], [ 2.887901584000076, 6.494434514000034 ], [ 2.886647047000054, 6.505693073000032 ], [ 2.886232695000047, 6.509392311000056 ], [ 2.88553154300007, 6.511425637000059 ], [ 2.892010072000062, 6.511495995000075 ], [ 2.897615623000036, 6.511485673000038 ], [ 2.909561878000034, 6.511487953000028 ], [ 2.914248482000062, 6.511523236000073 ], [ 2.917441808000035, 6.511535257000048 ], [ 2.918865942000025, 6.512948587000039 ], [ 2.922920817000033, 6.512776893000023 ], [ 2.924299248000068, 6.512696681000023 ], [ 2.925482441000042, 6.512352199000077 ], [ 2.926481865000028, 6.511858334000067 ], [ 2.924782364000066, 6.508193215000063 ], [ 2.926540346000024, 6.504654979000065 ], [ 2.928584641000043, 6.506964485000026 ], [ 2.930008765000025, 6.508596067000042 ], [ 2.933879791000038, 6.508596589000035 ], [ 2.935039951000022, 6.508596739000041 ], [ 2.934683631000041, 6.510388918000046 ], [ 2.933557830000041, 6.511124043000052 ], [ 2.932638868000026, 6.511273273000029 ], [ 2.931375225000068, 6.511985398000036 ], [ 2.93367223100006, 6.514685531000055 ], [ 2.93511937300002, 6.516271147000054 ], [ 2.936647362000031, 6.514421674000062 ], [ 2.937658358000022, 6.51319251700005 ], [ 2.943217936000053, 6.513629741000045 ], [ 2.947686288000057, 6.513928928000041 ], [ 2.950339732000032, 6.514124502000072 ], [ 2.954015656000024, 6.512688772000047 ], [ 2.954222814000047, 6.508323114000063 ], [ 2.953800772000022, 6.502622710000026 ], [ 2.954158496000048, 6.501846857000032 ], [ 2.964197703000025, 6.501836086000026 ], [ 2.973616694000043, 6.501913256000023 ], [ 2.982437759000049, 6.501885956000024 ], [ 2.988625399000057, 6.501866806000066 ], [ 2.991976083000054, 6.501856436000025 ], [ 2.998772311000039, 6.501837351000063 ], [ 3.008555050000041, 6.501894723000021 ], [ 3.020233072000053, 6.501817800000026 ], [ 3.027814214000045, 6.501798292000046 ], [ 3.029922674000034, 6.501831585000048 ], [ 3.031546109000033, 6.501800849000062 ], [ 3.03467340800006, 6.501857512000072 ], [ 3.035757860000047, 6.501877160000049 ], [ 3.045922287000053, 6.501010454000038 ], [ 3.059849030000066, 6.501767657000073 ], [ 3.072255453998484, 6.497199016328183 ], [ 3.077245927000035, 6.492390583000031 ], [ 3.079941595000037, 6.493676891000064 ], [ 3.084689677000028, 6.495927889000029 ], [ 3.089499078000074, 6.498270740000066 ], [ 3.091949749000037, 6.499480436000056 ], [ 3.093649860000028, 6.500062214000025 ], [ 3.094752601000039, 6.500245826000025 ], [ 3.096117082505907, 6.500392820089872 ], [ 3.096973353000067, 6.500367951000044 ], [ 3.099142359807883, 6.500234424461361 ], [ 3.103014903507709, 6.499618730320993 ], [ 3.102643999000065, 6.498408502000075 ], [ 3.107381433000057, 6.494913066000038 ], [ 3.112118632000033, 6.490651678000063 ], [ 3.112692064000044, 6.486678404000031 ], [ 3.115466570000024, 6.480837733000044 ], [ 3.115513663000058, 6.478130897000028 ], [ 3.115053580000051, 6.475297141000055 ], [ 3.111759945000074, 6.47077901800003 ], [ 3.103042093000056, 6.467352775000052 ], [ 3.099428917000068, 6.466855149000025 ], [ 3.092193015000021, 6.467603273000066 ] ] ] ] } },
{ "type": "Feature", "properties": { "id": 28897, "name": "Ojo", "code": "25015", "timestamp": "2019-08-09T11:24:17Z", "state_code": "LA" }, "geometry": { "type": "MultiPolygon", "coordinates": [ [ [ [ 3.201545384000042, 6.413582056000052 ], [ 3.201542408000023, 6.413552005000042 ], [ 3.201543483000023, 6.41350916600004 ], [ 3.201598095000065, 6.411334098000054 ], [ 3.201619945000061, 6.40848491600002 ], [ 3.201665405000028, 6.407267106000063 ], [ 3.201675554000076, 6.403866475000029 ], [ 3.201732268000058, 6.402062741000066 ], [ 3.181216715000062, 6.402429808000022 ], [ 3.170689252000045, 6.401835048000066 ], [ 3.162673878000021, 6.400880263000033 ], [ 3.12427314200005, 6.400053273000026 ], [ 3.110396115000071, 6.399099054000033 ], [ 3.072832934000076, 6.398387709000076 ], [ 3.036944533000053, 6.396596437000028 ], [ 3.020770954000056, 6.397046121000074 ], [ 3.022972315000061, 6.401928715000054 ], [ 3.023929467000073, 6.404609362000031 ], [ 3.028140521000068, 6.406619667000029 ], [ 3.030533225000056, 6.408534309000061 ], [ 3.03101182000006, 6.409778886000026 ], [ 3.047664734000023, 6.413894382000024 ], [ 3.061446441000044, 6.41552047700003 ], [ 3.06216822600004, 6.415499753000063 ], [ 3.067571022000038, 6.411307196000052 ], [ 3.068432170000051, 6.409870998000031 ], [ 3.075514462000058, 6.411114610000027 ], [ 3.082213753000076, 6.411017841000046 ], [ 3.089008613000033, 6.410155058000043 ], [ 3.094272061000026, 6.408622296000033 ], [ 3.100684295000065, 6.409004033000031 ], [ 3.106295935000048, 6.410761619000027 ], [ 3.107466070000044, 6.416515918000073 ], [ 3.109044333000043, 6.424280073000034 ], [ 3.10892364700004, 6.427070461000028 ], [ 3.106377215000066, 6.429254759000059 ], [ 3.105407519000039, 6.431924001000027 ], [ 3.106125099000053, 6.434674156000028 ], [ 3.105257296000048, 6.434905835000052 ], [ 3.104074040000057, 6.434957277000024 ], [ 3.102012631000036, 6.436898814000074 ], [ 3.099830041000075, 6.439446966000048 ], [ 3.098415917000068, 6.443289855000046 ], [ 3.098046492000037, 6.445371668000064 ], [ 3.097759800000063, 6.447669451000024 ], [ 3.096440126000061, 6.453701238000065 ], [ 3.09431580100005, 6.456344022000053 ], [ 3.095005073000038, 6.457090655000059 ], [ 3.093971543000066, 6.458009938000032 ], [ 3.093455261000031, 6.461111965000043 ], [ 3.092193015000021, 6.467603273000066 ], [ 3.099428917000068, 6.466855149000025 ], [ 3.103042093000056, 6.467352775000052 ], [ 3.111759945000074, 6.47077901800003 ], [ 3.115053580000051, 6.475297141000055 ], [ 3.115513663000058, 6.478130897000028 ], [ 3.115466570000024, 6.480837733000044 ], [ 3.112692064000044, 6.486678404000031 ], [ 3.112118632000033, 6.490651678000063 ], [ 3.107381433000057, 6.494913066000038 ], [ 3.102643999000065, 6.498408502000075 ], [ 3.103014903507709, 6.499618730320993 ], [ 3.108609417281278, 6.503293343854744 ], [ 3.115875966000033, 6.504855879000047 ], [ 3.119694061000075, 6.505046322000055 ], [ 3.125498687000061, 6.505244050000044 ], [ 3.126310408000052, 6.505243848000021 ], [ 3.128084389000037, 6.505704219000052 ], [ 3.131027902000028, 6.506468098000028 ], [ 3.136710290000053, 6.507661408000047 ], [ 3.142315842000073, 6.507843678000029 ], [ 3.145516237000038, 6.505897365000067 ], [ 3.150999204000072, 6.505941711000048 ], [ 3.151318477000075, 6.506097758000067 ], [ 3.155196284000056, 6.507993068000076 ], [ 3.160445338000045, 6.50806837600004 ], [ 3.163365843000065, 6.511083193000047 ], [ 3.168104722000066, 6.512876729000027 ], [ 3.175323984000045, 6.514787462000072 ], [ 3.177898144000039, 6.51794208900003 ], [ 3.179553291000047, 6.520851940000057 ], [ 3.180120276000025, 6.521678915000052 ], [ 3.184410702000037, 6.527023376000045 ], [ 3.185621166000033, 6.528355605000058 ], [ 3.186724299000048, 6.529350872000066 ], [ 3.188700576000031, 6.530652173000021 ], [ 3.19053883600003, 6.531478657000036 ], [ 3.19430636900006, 6.530787904000022 ], [ 3.19622075500007, 6.530419528000039 ], [ 3.199649774000022, 6.531850140000074 ], [ 3.20018539900002, 6.530731709000065 ], [ 3.200261505000071, 6.529536869000026 ], [ 3.203169315000025, 6.523913974000038 ], [ 3.204623988000037, 6.523055574000068 ], [ 3.204792439000073, 6.522994234000066 ], [ 3.205910637000045, 6.52331545800007 ], [ 3.206186325000033, 6.523315345000071 ], [ 3.206767805000027, 6.52202838900007 ], [ 3.207012226000074, 6.520481165000035 ], [ 3.207332859000076, 6.518045460000053 ], [ 3.207546677000039, 6.516574838000054 ], [ 3.208143070000062, 6.514338154000029 ], [ 3.208448923000049, 6.51321980900002 ], [ 3.20859841500004, 6.513042798000072 ], [ 3.208532987000069, 6.512959980000062 ], [ 3.209696489000066, 6.511780007000027 ], [ 3.21061510200002, 6.510998404000077 ], [ 3.210829405000027, 6.510722589000068 ], [ 3.21226837100005, 6.509052317000055 ], [ 3.213355213000057, 6.507719188000067 ], [ 3.214227717000028, 6.506585281000071 ], [ 3.21431922000005, 6.505666159000043 ], [ 3.214578881000023, 6.504011697000067 ], [ 3.213245783000048, 6.502449818000059 ], [ 3.213275923000026, 6.50128563100003 ], [ 3.214010728000062, 6.500504100000057 ], [ 3.214699585000062, 6.499722586000075 ], [ 3.215189328000065, 6.498910520000038 ], [ 3.215709609000044, 6.497883988000069 ], [ 3.216061715000023, 6.497546840000041 ], [ 3.216720204000069, 6.497393378000027 ], [ 3.216949951000061, 6.497439234000069 ], [ 3.21659784600007, 6.49777638200004 ], [ 3.216184577000035, 6.498343327000043 ], [ 3.216261330000066, 6.498756883000055 ], [ 3.216273708000074, 6.498772162000023 ], [ 3.216521826000076, 6.499078451000059 ], [ 3.216675143000032, 6.499461337000071 ], [ 3.21679780900007, 6.499798282000029 ], [ 3.217104180000035, 6.499951331000034 ], [ 3.21737986200003, 6.499966531000041 ], [ 3.217396438000037, 6.499950425000065 ], [ 3.217900364000059, 6.499460811000063 ], [ 3.217917579000073, 6.499458507000043 ], [ 3.218130079000048, 6.499430076000067 ], [ 3.218834462000075, 6.499154046000058 ], [ 3.219247987000074, 6.499184504000027 ], [ 3.219829946000061, 6.499138297000059 ], [ 3.220243451000044, 6.499122799000077 ], [ 3.220457931000055, 6.499275886000021 ], [ 3.22131573300004, 6.499612509000031 ], [ 3.221913088000065, 6.499750110000036 ], [ 3.222188857000049, 6.499964442000021 ], [ 3.222205761000055, 6.500095019000071 ], [ 3.222311796000042, 6.500914108000075 ], [ 3.222335719000057, 6.500961910000058 ], [ 3.22252639900006, 6.50134292000007 ], [ 3.222985859000062, 6.501342717000057 ], [ 3.223276829000042, 6.501296635000074 ], [ 3.22330078300007, 6.501282360000062 ], [ 3.223919903000024, 6.500913399000069 ], [ 3.224501646000022, 6.500377009000033 ], [ 3.22528253400003, 6.49994775600004 ], [ 3.227869077000037, 6.498213743000065 ], [ 3.229027531000042, 6.497423383000068 ], [ 3.231601547000025, 6.495564897000065 ], [ 3.233314327000073, 6.494262076000041 ], [ 3.234078931000056, 6.491772539000067 ], [ 3.23510202600005, 6.48940734100006 ], [ 3.235561069000028, 6.488535913000021 ], [ 3.237349745000074, 6.48585441900002 ], [ 3.237373667000043, 6.485849131000066 ], [ 3.239216045000035, 6.485441869000056 ], [ 3.240517613000065, 6.485039155000038 ], [ 3.240823887000033, 6.484991141000023 ], [ 3.240832406000038, 6.484979273000022 ], [ 3.241043891000061, 6.48468467500004 ], [ 3.241031404000069, 6.484498657000074 ], [ 3.241024611000057, 6.484397471000023 ], [ 3.240507370000046, 6.483622240000045 ], [ 3.239923042000044, 6.482665138000073 ], [ 3.238860299000066, 6.482062491000022 ], [ 3.238573126000063, 6.482014757000059 ], [ 3.237883969000052, 6.482024654000043 ], [ 3.237472292000064, 6.48182379800005 ], [ 3.23720709600002, 6.48148287600003 ], [ 3.236486892000073, 6.480594765000035 ], [ 3.23567491600005, 6.479951784000036 ], [ 3.234357446000047, 6.479063946000053 ], [ 3.233738966000033, 6.47865194600007 ], [ 3.233668076000072, 6.478604722000057 ], [ 3.234004405000064, 6.477317850000077 ], [ 3.234432336000054, 6.475418212000022 ], [ 3.23470734700004, 6.474008823000077 ], [ 3.23481442800005, 6.473748367000042 ], [ 3.235288928000045, 6.473212015000058 ], [ 3.23600847900002, 6.472721503000059 ], [ 3.236804466000024, 6.47193991100005 ], [ 3.23775332200006, 6.470576160000064 ], [ 3.237767956000027, 6.469120937000071 ], [ 3.237797511000053, 6.466823213000055 ], [ 3.23778035700002, 6.46288647800003 ], [ 3.237870654000062, 6.459485824000069 ], [ 3.237870049000037, 6.458191606000071 ], [ 3.237870032000046, 6.458153152000023 ], [ 3.235680442000046, 6.458828165000057 ], [ 3.233751108000035, 6.45933455100004 ], [ 3.232082025000068, 6.459656994000056 ], [ 3.231163231000039, 6.45976463900007 ], [ 3.23089219700006, 6.459317772000077 ], [ 3.230856721000066, 6.459259281000072 ], [ 3.230841324000039, 6.459075471000062 ], [ 3.230859657000053, 6.458996958000057 ], [ 3.231007674000068, 6.458363059000021 ], [ 3.231009452000023, 6.458355445000052 ], [ 3.23101437400004, 6.458325545000037 ], [ 3.231284346000052, 6.456685650000054 ], [ 3.231437110000059, 6.455858404000026 ], [ 3.231329621000043, 6.455215093000049 ], [ 3.231298360000039, 6.453821162000054 ], [ 3.231205831000068, 6.452396622000037 ], [ 3.231234985000071, 6.452189315000055 ], [ 3.231085394000047, 6.451569001000053 ], [ 3.230751893000047, 6.451011924000056 ], [ 3.230323153000029, 6.450321318000022 ], [ 3.230320581000058, 6.450291461000063 ], [ 3.230115329000057, 6.447908813000026 ], [ 3.230187358000023, 6.446331018000024 ], [ 3.230188396000074, 6.44512744900004 ], [ 3.230239610000069, 6.443347796000069 ], [ 3.230185421000044, 6.442034295000042 ], [ 3.230180985000061, 6.442034421000074 ], [ 3.228549034000025, 6.442081047000045 ], [ 3.227325657000051, 6.442115996000041 ], [ 3.227316230000042, 6.442081075000033 ], [ 3.227081196000029, 6.44121042300003 ], [ 3.227077614000052, 6.441204527000025 ], [ 3.226885806000041, 6.440888829000073 ], [ 3.226437744000066, 6.440567348000059 ], [ 3.226148188000025, 6.440487057000041 ], [ 3.225505001000045, 6.440441387000021 ], [ 3.22459759700007, 6.440257970000062 ], [ 3.223988741000028, 6.439925068000036 ], [ 3.22359807700002, 6.439534628000047 ], [ 3.222954753000067, 6.439171104000025 ], [ 3.22234585700005, 6.43874246300004 ], [ 3.221581137000044, 6.438051170000051 ], [ 3.221006740000064, 6.437718250000046 ], [ 3.21976610300004, 6.437132867000059 ], [ 3.218134875000032, 6.436306389000038 ], [ 3.216216450000047, 6.435296209000057 ], [ 3.215825897000059, 6.43514702300007 ], [ 3.214057184000069, 6.435090324000043 ], [ 3.211622317000035, 6.434976452000058 ], [ 3.207487649000029, 6.434805818000029 ], [ 3.20251457400002, 6.434623996000028 ], [ 3.200987034000036, 6.434532690000026 ], [ 3.200963816000069, 6.43390082600007 ], [ 3.200768350000033, 6.433337962000053 ], [ 3.200492490000045, 6.432775129000049 ], [ 3.199860611000076, 6.432246901000042 ], [ 3.199435570000048, 6.431994318000022 ], [ 3.199653098000056, 6.43023647800004 ], [ 3.19970980100004, 6.428386792000026 ], [ 3.199651736000021, 6.426743945000055 ], [ 3.199421467000036, 6.425273495000056 ], [ 3.199202778000029, 6.424044300000048 ], [ 3.199190467000051, 6.421918914000059 ], [ 3.199247314000047, 6.420436862000031 ], [ 3.199250794000022, 6.419541707000064 ], [ 3.199327150000045, 6.419005543000026 ], [ 3.200015826000026, 6.417971300000033 ], [ 3.200398359000076, 6.417235881000067 ], [ 3.200845818000062, 6.416443222000055 ], [ 3.200845948000051, 6.416442992000043 ], [ 3.20126708500004, 6.416032772000051 ], [ 3.201270715000021, 6.416029236000043 ], [ 3.201660961000073, 6.415443164000067 ], [ 3.201821496000036, 6.41481122700003 ], [ 3.201763802000073, 6.414121934000036 ], [ 3.201641841000026, 6.413820476000069 ], [ 3.201545384000042, 6.413582056000052 ] ] ] ] } },
{ "type": "Feature", "properties": { "id": 28882, "name": "Apapa", "code": "25005", "timestamp": "2019-08-09T11:24:18Z", "state_code": "LA" }, "geometry": { "type": "MultiPolygon", "coordinates": [ [ [ [ 3.402842059000022, 6.436439050000047 ], [ 3.402962235000075, 6.434190596000064 ], [ 3.403018422000059, 6.432620473000043 ], [ 3.403008087000046, 6.429219918000058 ], [ 3.402781499000071, 6.428301026000042 ], [ 3.402293535000069, 6.426034368000046 ], [ 3.401802321000048, 6.424499140000023 ], [ 3.401567931000045, 6.423388779000049 ], [ 3.401267756000038, 6.421374717000049 ], [ 3.401028628000063, 6.41909637200007 ], [ 3.400677836000057, 6.415987122000047 ], [ 3.40058909000004, 6.415091096000026 ], [ 3.400168934000021, 6.411384502000033 ], [ 3.400271547000045, 6.41042705600006 ], [ 3.397515326077205, 6.409448029577252 ], [ 3.384384480568854, 6.409898164538653 ], [ 3.380097831770166, 6.407384180733267 ], [ 3.377091507074725, 6.398044023261379 ], [ 3.359591687000034, 6.397662152000066 ], [ 3.354455469000072, 6.424548690000051 ], [ 3.354275073000053, 6.424711587000047 ], [ 3.342527719000032, 6.427553618000047 ], [ 3.332050874000061, 6.429896301000042 ], [ 3.331882353000026, 6.434203631000059 ], [ 3.33172460000003, 6.437407103000055 ], [ 3.331973490000053, 6.437482334000038 ], [ 3.334546242000044, 6.437675960000036 ], [ 3.334649705000061, 6.437825242000031 ], [ 3.334879283000021, 6.437641276000022 ], [ 3.335625856000036, 6.437721205000059 ], [ 3.335901744000068, 6.438100144000032 ], [ 3.336498885000026, 6.437984866000022 ], [ 3.336820396000064, 6.437881258000061 ], [ 3.337050072000068, 6.437846641000021 ], [ 3.33707965800005, 6.438062607000063 ], [ 3.337675749000027, 6.437980634000041 ], [ 3.338599011000042, 6.437887128000057 ], [ 3.339398395000046, 6.437835887000062 ], [ 3.339955563000046, 6.43805954100003 ], [ 3.34095463400007, 6.437880804000031 ], [ 3.341885320000074, 6.437582146000068 ], [ 3.34381062500006, 6.436847801000056 ], [ 3.345073758000069, 6.436540591000039 ], [ 3.347724835000065, 6.436510072000033 ], [ 3.348471503000042, 6.436729759000059 ], [ 3.34905982500004, 6.436973870000031 ], [ 3.349060266000038, 6.43719961100004 ], [ 3.349005849000037, 6.437665194000033 ], [ 3.349035385000036, 6.438871461000076 ], [ 3.349036903000069, 6.441094475000057 ], [ 3.349072634000038, 6.442961324000066 ], [ 3.349176600000021, 6.443840119000072 ], [ 3.349475691000066, 6.444540709000023 ], [ 3.35018877400006, 6.446010741000066 ], [ 3.351494311000067, 6.448881955000047 ], [ 3.351472556000033, 6.450645446000067 ], [ 3.351433751000059, 6.452667439000038 ], [ 3.351054741000041, 6.452673444000027 ], [ 3.350469065000027, 6.452777243000071 ], [ 3.350670447000027, 6.453345783000032 ], [ 3.350860073000035, 6.453517979000026 ], [ 3.350918112000045, 6.454408293000029 ], [ 3.351021701000036, 6.454729898000039 ], [ 3.351033642000061, 6.454849209000031 ], [ 3.351452460000075, 6.454815765000035 ], [ 3.352141649000032, 6.454918684000063 ], [ 3.353054830000076, 6.455061658000034 ], [ 3.35427803400006, 6.455089531000056 ], [ 3.356148276000056, 6.455160986000067 ], [ 3.356120174000068, 6.457479012000022 ], [ 3.356189728000061, 6.458398038000041 ], [ 3.356443154000033, 6.459466285000076 ], [ 3.356236835000061, 6.460063828000045 ], [ 3.356225880000068, 6.460822072000042 ], [ 3.35613472700004, 6.461867584000061 ], [ 3.356167547000041, 6.463142959000038 ], [ 3.356140373000073, 6.463533726000037 ], [ 3.356038161000072, 6.463821009000071 ], [ 3.355944203000035, 6.464033469000071 ], [ 3.355468206000069, 6.464967237000053 ], [ 3.355483226000047, 6.465915022000047 ], [ 3.355500825000036, 6.466446350000069 ], [ 3.35552390700002, 6.466604300000029 ], [ 3.354779176000022, 6.466537596000023 ], [ 3.353482275000033, 6.466552859000046 ], [ 3.353178471000035, 6.46667513500006 ], [ 3.352628338000045, 6.466989055000056 ], [ 3.352078143000028, 6.467214418000026 ], [ 3.35090819800007, 6.467430635000028 ], [ 3.350933227000041, 6.469024638000064 ], [ 3.350900034000063, 6.469469838000066 ], [ 3.350817015000075, 6.470530182000061 ], [ 3.350659695000047, 6.471411071000034 ], [ 3.350417121000021, 6.47246503100007 ], [ 3.35035603700004, 6.472717819000025 ], [ 3.350386745000037, 6.472832682000046 ], [ 3.350463365000053, 6.472901560000025 ], [ 3.350011087000041, 6.472903098000074 ], [ 3.349451968000039, 6.472689032000062 ], [ 3.348831430000075, 6.472237581000059 ], [ 3.347958108000057, 6.47164078000003 ], [ 3.347337646000028, 6.471296552000069 ], [ 3.347015927000029, 6.471120615000075 ], [ 3.346487513000056, 6.471013750000054 ], [ 3.345966865000037, 6.471067718000029 ], [ 3.345430961000034, 6.471205943000029 ], [ 3.344795654000052, 6.471551028000022 ], [ 3.343923239000048, 6.47228688000007 ], [ 3.342691039000044, 6.473176152000065 ], [ 3.341979284000047, 6.473712759000023 ], [ 3.341466414000024, 6.473950531000071 ], [ 3.340608853000049, 6.474012379000044 ], [ 3.339850850000062, 6.474097135000022 ], [ 3.338777773000061, 6.474598510000021 ], [ 3.341077441000039, 6.476248481000027 ], [ 3.341652004000025, 6.476654020000069 ], [ 3.342900655000051, 6.477434393000067 ], [ 3.343574723000074, 6.477778590000071 ], [ 3.344509174000052, 6.478176224000038 ], [ 3.344984310000029, 6.478372748000027 ], [ 3.345712182000057, 6.478641375000052 ], [ 3.346860966000065, 6.478931632000069 ], [ 3.348017323000022, 6.479099337000036 ], [ 3.348231463000047, 6.478716243000065 ], [ 3.348767059000068, 6.478118477000066 ], [ 3.349073137000062, 6.477811908000035 ], [ 3.350490139000044, 6.478415989000041 ], [ 3.351416891000042, 6.478744684000048 ], [ 3.351723175000075, 6.478736813000069 ], [ 3.352297403000023, 6.47864450700007 ], [ 3.352840854000021, 6.478337771000042 ], [ 3.352809980000075, 6.477985481000076 ], [ 3.352725527000075, 6.477663864000021 ], [ 3.35322319200003, 6.477586928000051 ], [ 3.353468154000041, 6.477487192000069 ], [ 3.353812189000053, 6.476713398000072 ], [ 3.354248168000026, 6.47602378800002 ], [ 3.354408655000043, 6.475571798000033 ], [ 3.354653358000064, 6.475104431000034 ], [ 3.355104821000054, 6.474659896000048 ], [ 3.355564068000035, 6.474399171000073 ], [ 3.355479352000032, 6.473702266000032 ], [ 3.355531166000048, 6.473337918000027 ], [ 3.356227864000061, 6.473191910000025 ], [ 3.357361012000069, 6.473037935000036 ], [ 3.358547777000069, 6.472906898000076 ], [ 3.358930698000052, 6.472998535000045 ], [ 3.359228035000058, 6.472975985000062 ], [ 3.359716787000025, 6.473837271000036 ], [ 3.360100017000036, 6.474363553000046 ], [ 3.361335032000056, 6.474783918000071 ], [ 3.362655510000025, 6.474246851000032 ], [ 3.363353891000031, 6.473893685000064 ], [ 3.36440893200006, 6.47589589200004 ], [ 3.364495326000053, 6.476246227000047 ], [ 3.365557375000037, 6.475711253000043 ], [ 3.366877847000069, 6.475170345000038 ], [ 3.367716289000043, 6.475146761000076 ], [ 3.368893370000023, 6.474858698000048 ], [ 3.369610997000052, 6.474542245000066 ], [ 3.370517972000073, 6.473995885000022 ], [ 3.371297620000064, 6.472105473000056 ], [ 3.37203134400005, 6.470249558000035 ], [ 3.372323610000024, 6.469404946000054 ], [ 3.374150070000042, 6.469742513000028 ], [ 3.376073960000042, 6.469810024000026 ], [ 3.377762054000073, 6.469418167000072 ], [ 3.378037, 6.468464425000036 ], [ 3.378518394000025, 6.467119924000031 ], [ 3.379079664000074, 6.466182673000048 ], [ 3.379361278000033, 6.466226934000076 ], [ 3.381493661000036, 6.463544713000033 ], [ 3.380564824000032, 6.462970989000041 ], [ 3.37991299600003, 6.461650309000049 ], [ 3.37977849300006, 6.460970680000059 ], [ 3.379768243000058, 6.460061188000054 ], [ 3.379813664000039, 6.459451861000048 ], [ 3.379813296000066, 6.458957860000055 ], [ 3.379766866000068, 6.458303056000034 ], [ 3.379778052000063, 6.457900954000024 ], [ 3.379766049000068, 6.457205914000042 ], [ 3.379874752000035, 6.45666013400006 ], [ 3.380144104000067, 6.455918931000042 ], [ 3.380448074000071, 6.455395981000038 ], [ 3.381107816000053, 6.454510881000033 ], [ 3.38146929200002, 6.454097028000035 ], [ 3.382002999000065, 6.45361986000006 ], [ 3.382246419000069, 6.453457271000048 ], [ 3.382257030000062, 6.453428276000068 ], [ 3.38250574500006, 6.453251933000047 ], [ 3.382778949000055, 6.453081237000049 ], [ 3.383410366000021, 6.452721750000023 ], [ 3.383850478000056, 6.452515585000071 ], [ 3.384716347000051, 6.452108051000039 ], [ 3.386089220000031, 6.451360267000041 ], [ 3.386928946000069, 6.450878812000042 ], [ 3.388049074000037, 6.450255672000026 ], [ 3.389561189000062, 6.449396479000029 ], [ 3.390885702000048, 6.448587494000037 ], [ 3.391829570000027, 6.447983630000067 ], [ 3.392811677000054, 6.447325483000043 ], [ 3.394042475000049, 6.446472478000032 ], [ 3.396948024000039, 6.444451096000023 ], [ 3.397166127000048, 6.44430455600002 ], [ 3.397579360000066, 6.444013195000025 ], [ 3.398249922000048, 6.443559838000056 ], [ 3.398801861000038, 6.443177418000062 ], [ 3.399185426000031, 6.442890866000027 ], [ 3.399449417000028, 6.442681954000022 ], [ 3.399562270000047, 6.442575598000076 ], [ 3.400244976000067, 6.441853440000045 ], [ 3.400971782000056, 6.44112208100006 ], [ 3.401535972000033, 6.440504137000062 ], [ 3.401728749000029, 6.440207202000067 ], [ 3.401910354000051, 6.43990229800005 ], [ 3.402219187000071, 6.439483894000034 ], [ 3.403009753000049, 6.439335522000022 ], [ 3.403046307000068, 6.43714312700007 ], [ 3.402842059000022, 6.436439050000047 ] ] ] ] } },
{ "type": "Feature", "properties": { "id": 28896, "name": "Ikeja", "code": "25011", "timestamp": "2019-08-09T11:24:18Z", "state_code": "LA" }, "geometry": { "type": "MultiPolygon", "coordinates": [ [ [ [ 3.367734323000036, 6.571738260000075 ], [ 3.367626981000058, 6.571488941000041 ], [ 3.367042380000044, 6.569757658000071 ], [ 3.366750097000022, 6.568042275000039 ], [ 3.366733670000031, 6.566525822000074 ], [ 3.366747776000068, 6.564871486000072 ], [ 3.366750541000044, 6.563504256000044 ], [ 3.366816694000022, 6.559713045000024 ], [ 3.366861746000041, 6.558483755000054 ], [ 3.366291146000037, 6.558424564000063 ], [ 3.364070168000069, 6.558378312000059 ], [ 3.359972862000063, 6.558314254000038 ], [ 3.358259255000064, 6.558267612000066 ], [ 3.357253936000063, 6.558057709000025 ], [ 3.356047360000048, 6.557532016000039 ], [ 3.353988539000056, 6.556652696000072 ], [ 3.352117, 6.555618818000028 ], [ 3.351942906000033, 6.555511392000028 ], [ 3.351813450000066, 6.55570192700003 ], [ 3.351474733000032, 6.556547572000056 ], [ 3.351017429000024, 6.557602990000021 ], [ 3.349631697000063, 6.560986652000054 ], [ 3.348504287000026, 6.563791723000065 ], [ 3.348102802000028, 6.564636877000055 ], [ 3.347653665000053, 6.565793209000049 ], [ 3.346605612000076, 6.568387281000071 ], [ 3.345226077000063, 6.571762015000047 ], [ 3.344317778000061, 6.574031668000032 ], [ 3.344267789000071, 6.574156577000053 ], [ 3.344189639000035, 6.574351857000067 ], [ 3.344105201000048, 6.574562851000053 ], [ 3.344042017000049, 6.574720733000049 ], [ 3.343867863000071, 6.575143834000073 ], [ 3.343662467000058, 6.575642836000043 ], [ 3.343344324000043, 6.57641575100007 ], [ 3.342888551000044, 6.577381625000044 ], [ 3.342598681000027, 6.57799591600002 ], [ 3.339645396000037, 6.585216474000049 ], [ 3.338020591000031, 6.589209794000055 ], [ 3.337599370000021, 6.590287701000022 ], [ 3.335492380000062, 6.589428068000075 ], [ 3.334745609000038, 6.589390274000039 ], [ 3.334182437000038, 6.589321697000059 ], [ 3.334093942000038, 6.589122648000057 ], [ 3.333928520000029, 6.588708698000062 ], [ 3.333837337000034, 6.588359320000052 ], [ 3.33375803000007, 6.587873509000076 ], [ 3.333594755000036, 6.587090971000066 ], [ 3.333575461000066, 6.586870789000045 ], [ 3.333685289000073, 6.586468622000041 ], [ 3.333792824000056, 6.586217241000043 ], [ 3.333871577000025, 6.585874930000045 ], [ 3.333885338000073, 6.584977389000073 ], [ 3.333913080000059, 6.583512599000073 ], [ 3.333967972000039, 6.583280401000025 ], [ 3.333947898000076, 6.583068896000043 ], [ 3.333924586000023, 6.582823288000043 ], [ 3.332981193000023, 6.58287044900004 ], [ 3.331702149000023, 6.58284066300007 ], [ 3.331525828000053, 6.582588035000072 ], [ 3.331005044000051, 6.582611357000076 ], [ 3.330958279000072, 6.581385958000055 ], [ 3.330491077000033, 6.58136329000007 ], [ 3.330452236000042, 6.580536151000047 ], [ 3.328392001000054, 6.580506872000058 ], [ 3.327143603000025, 6.580484714000022 ], [ 3.326400885000055, 6.58076858000004 ], [ 3.324655087000053, 6.581397751000054 ], [ 3.322970614000042, 6.582118782000066 ], [ 3.321354997000071, 6.582732539000062 ], [ 3.320803541000032, 6.58270225800004 ], [ 3.320106416000044, 6.582434642000067 ], [ 3.317540012000052, 6.581341049000059 ], [ 3.315885259000027, 6.580629815000066 ], [ 3.315655504000063, 6.580645278000077 ], [ 3.315341624000041, 6.580852268000058 ], [ 3.315234579000048, 6.581135717000052 ], [ 3.315191244000061, 6.585286895000024 ], [ 3.315177149000021, 6.58722461800005 ], [ 3.315131510000072, 6.587722478000046 ], [ 3.31505501700002, 6.587875705000044 ], [ 3.314825380000059, 6.588082642000074 ], [ 3.313691874000028, 6.588106332000052 ], [ 3.312229064000064, 6.588176179000072 ], [ 3.308792338000046, 6.588147725000056 ], [ 3.308791454000072, 6.588373410000031 ], [ 3.30876177500005, 6.589920537000069 ], [ 3.308735272000035, 6.590410726000073 ], [ 3.308665362000056, 6.591923412000028 ], [ 3.308700350000038, 6.592767790000039 ], [ 3.308752397000035, 6.593330691000062 ], [ 3.309298029000047, 6.593215469000029 ], [ 3.309723824000059, 6.59437553500004 ], [ 3.309873485000026, 6.594875189000049 ], [ 3.309941485000024, 6.594916792000049 ], [ 3.309897517000024, 6.595032183000058 ], [ 3.309851599000069, 6.595089653000059 ], [ 3.309794656000065, 6.595893878000027 ], [ 3.30979527300002, 6.596887627000058 ], [ 3.309870359000058, 6.597548164000045 ], [ 3.309980126000028, 6.598553333000041 ], [ 3.309952129000067, 6.599719425000046 ], [ 3.309912280000049, 6.600299616000029 ], [ 3.309860773000025, 6.600609835000057 ], [ 3.310274373000027, 6.600621066000031 ], [ 3.31113601900006, 6.600614785000062 ], [ 3.312118337000072, 6.600671613000031 ], [ 3.312589369000023, 6.600665573000072 ], [ 3.312831244000051, 6.601641937000068 ], [ 3.314428056000054, 6.601457118000042 ], [ 3.315157536000072, 6.601376238000057 ], [ 3.315565406000076, 6.601410445000056 ], [ 3.315703605000067, 6.601938825000047 ], [ 3.315824655000029, 6.602599332000068 ], [ 3.31592869900004, 6.603615991000026 ], [ 3.315974956000048, 6.604092731000037 ], [ 3.316038454000022, 6.604580948000034 ], [ 3.315837910000027, 6.605385264000063 ], [ 3.316426249000074, 6.60552414700004 ], [ 3.316989346000071, 6.605753557000071 ], [ 3.317908807000038, 6.606315903000052 ], [ 3.319311015000039, 6.607211102000065 ], [ 3.320023609000032, 6.60765869200003 ], [ 3.32051778400006, 6.607899631000066 ], [ 3.321149773000059, 6.60806006100006 ], [ 3.321896644000049, 6.608208928000067 ], [ 3.323321274000023, 6.608230982000066 ], [ 3.325285887000064, 6.608264168000062 ], [ 3.325998209000034, 6.608286679000059 ], [ 3.326572613000053, 6.608228860000054 ], [ 3.327261814000053, 6.608033105000061 ], [ 3.328031285000066, 6.607607528000074 ], [ 3.328777588000037, 6.606894755000042 ], [ 3.329293930000063, 6.605906411000035 ], [ 3.329569144000061, 6.605125018000024 ], [ 3.32985594400003, 6.604492966000066 ], [ 3.330165866000073, 6.604079179000053 ], [ 3.330831861000036, 6.603550271000074 ], [ 3.332003197000063, 6.602779769000051 ], [ 3.332519943000023, 6.602411796000069 ], [ 3.333082451000053, 6.601756581000075 ], [ 3.333107833000042, 6.601838875000055 ], [ 3.333128506000037, 6.601905900000077 ], [ 3.333066454000061, 6.602054004000024 ], [ 3.333097398000064, 6.602364449000049 ], [ 3.333030557000029, 6.605491252000036 ], [ 3.332993139000052, 6.611098570000024 ], [ 3.332994236000047, 6.612737580000044 ], [ 3.332995036000057, 6.613932372000022 ], [ 3.33325551400003, 6.614024104000066 ], [ 3.33394486100002, 6.614038960000073 ], [ 3.335599384000034, 6.614206343000035 ], [ 3.335731117000023, 6.614195816000063 ], [ 3.33570222000003, 6.614476098000068 ], [ 3.335476103000076, 6.61666924900004 ], [ 3.335476219000043, 6.616841575000024 ], [ 3.335584609000023, 6.616930816000036 ], [ 3.336228170000027, 6.617190785000048 ], [ 3.33676448500006, 6.617427849000023 ], [ 3.336822006000034, 6.617538864000039 ], [ 3.336638682000057, 6.618278074000045 ], [ 3.335958675000029, 6.620760025000038 ], [ 3.335966599000074, 6.621150625000041 ], [ 3.335917237000046, 6.621778690000042 ], [ 3.335817856000062, 6.622062137000057 ], [ 3.335489194000047, 6.62308865500006 ], [ 3.334755382000026, 6.625306408000029 ], [ 3.33460251300005, 6.625781364000034 ], [ 3.334939595000037, 6.625876873000038 ], [ 3.335322634000022, 6.625972352000076 ], [ 3.336138522000056, 6.62619773800003 ], [ 3.336414323000042, 6.626285629000051 ], [ 3.336598242000036, 6.626419535000025 ], [ 3.336678744000039, 6.626534365000055 ], [ 3.336787482000034, 6.626729503000035 ], [ 3.337052007000068, 6.627131417000044 ], [ 3.337293547000058, 6.627521858000023 ], [ 3.337523944000054, 6.628421624000055 ], [ 3.337773517000073, 6.629359672000021 ], [ 3.338233546000026, 6.630029514000057 ], [ 3.338789216000066, 6.630546112000047 ], [ 3.339440671000034, 6.631120086000067 ], [ 3.340513588000022, 6.631961831000069 ], [ 3.341529115000071, 6.63288020300007 ], [ 3.341841631000023, 6.633312388000036 ], [ 3.341835894000042, 6.63345441000007 ], [ 3.342449389000024, 6.634507088000021 ], [ 3.342698631000076, 6.634947303000047 ], [ 3.34302453500004, 6.635483202000046 ], [ 3.343197168000074, 6.635904322000044 ], [ 3.343211609000036, 6.636364406000041 ], [ 3.343273321000026, 6.63699239400006 ], [ 3.343319863000033, 6.637834842000075 ], [ 3.343351117000054, 6.63872325400007 ], [ 3.343366999000068, 6.63953508700007 ], [ 3.343291028000067, 6.64043889200002 ], [ 3.343285907000052, 6.640567837000049 ], [ 3.343230801000061, 6.64195539800005 ], [ 3.343247140000074, 6.643425897000043 ], [ 3.343293587000062, 6.644130485000062 ], [ 3.343248106000033, 6.64481981800003 ], [ 3.343053534000035, 6.645478099000059 ], [ 3.343003567000039, 6.645647150000059 ], [ 3.343065227000068, 6.646198549000076 ], [ 3.342881711000075, 6.646658210000055 ], [ 3.342698035000069, 6.646888105000073 ], [ 3.34199403100007, 6.647899568000071 ], [ 3.341718817000071, 6.648680967000075 ], [ 3.341152528000066, 6.649462566000068 ], [ 3.341244626000048, 6.649722905000033 ], [ 3.341551358000061, 6.650212864000025 ], [ 3.341735756000048, 6.651024581000058 ], [ 3.341704801000049, 6.651030555000034 ], [ 3.341957146000027, 6.651468868000052 ], [ 3.342233200000067, 6.651899491000052 ], [ 3.34246898400005, 6.652249723000068 ], [ 3.342785125000034, 6.652496504000055 ], [ 3.343164433000027, 6.652703031000044 ], [ 3.343813725000075, 6.652869161000069 ], [ 3.344342366000035, 6.653023887000074 ], [ 3.344859489000044, 6.653138410000054 ], [ 3.345238746000064, 6.653270261000046 ], [ 3.345767448000061, 6.653511148000064 ], [ 3.346376579000037, 6.65375197700007 ], [ 3.346922541000026, 6.654027315000064 ], [ 3.347142918000031, 6.654338111000072 ], [ 3.347334658000023, 6.654682627000057 ], [ 3.347840978000022, 6.655769836000047 ], [ 3.348032654000065, 6.656022445000076 ], [ 3.348354528000073, 6.656244326000035 ], [ 3.34872241100004, 6.656535105000046 ], [ 3.349013667000065, 6.65678764300003 ], [ 3.349580742000057, 6.657124234000037 ], [ 3.350086543000032, 6.657468527000049 ], [ 3.350400640000032, 6.657521916000064 ], [ 3.350668836000068, 6.657659586000023 ], [ 3.350860395000041, 6.657743698000047 ], [ 3.351113201000032, 6.657781813000042 ], [ 3.351511677000076, 6.658003638000025 ], [ 3.352308303000029, 6.657987753000043 ], [ 3.352660497000045, 6.657757735000075 ], [ 3.353189336000071, 6.658178597000074 ], [ 3.353112775000056, 6.658232264000048 ], [ 3.353197073000047, 6.658285816000046 ], [ 3.353350239000065, 6.658239753000032 ], [ 3.35404838200003, 6.657300232000068 ], [ 3.35207960750913, 6.655970486003657 ], [ 3.351940693613555, 6.65419344988775 ], [ 3.352456122216295, 6.653463435811941 ], [ 3.352703364000035, 6.652300890000049 ], [ 3.354374353747372, 6.652268651601156 ], [ 3.355402056685222, 6.651956241264034 ], [ 3.358087126800595, 6.651354560632031 ], [ 3.360381773415784, 6.650565402508446 ], [ 3.363685629000031, 6.649428232000048 ], [ 3.36411348300004, 6.648897882000028 ], [ 3.364591438000048, 6.648357876000034 ], [ 3.367760992000058, 6.644724577000034 ], [ 3.370554557000048, 6.641725955000027 ], [ 3.372670081000024, 6.641102084000067 ], [ 3.371969013000069, 6.64044602000007 ], [ 3.370359515000075, 6.639154788000042 ], [ 3.369018097000037, 6.637844204000032 ], [ 3.367542268000022, 6.636026314000048 ], [ 3.366468648000023, 6.63430385700002 ], [ 3.365902962000064, 6.633232030000045 ], [ 3.365116552000075, 6.63146148900006 ], [ 3.364607869000054, 6.629776906000075 ], [ 3.364511054000047, 6.629374846000076 ], [ 3.364319758000022, 6.628580415000044 ], [ 3.364002421000066, 6.626694644000054 ], [ 3.36400635800004, 6.626188356000057 ], [ 3.363936046000049, 6.624310063000053 ], [ 3.36405536500007, 6.622512049000022 ], [ 3.36414108200006, 6.621897359000059 ], [ 3.364306937000038, 6.620892007000066 ], [ 3.364753814000039, 6.619260333000057 ], [ 3.36510915100007, 6.618139958000029 ], [ 3.365734666000037, 6.616624153000032 ], [ 3.365585225000075, 6.616509380000025 ], [ 3.365011029000073, 6.616854452000041 ], [ 3.363107160806389, 6.615711680113787 ], [ 3.363275817071699, 6.615104705586093 ], [ 3.35865419161757, 6.611874314430233 ], [ 3.359125901891963, 6.611313634216869 ], [ 3.358641589017972, 6.610784242042038 ], [ 3.365669092000076, 6.605560918000037 ], [ 3.366563911281848, 6.605027890448202 ], [ 3.369491962899593, 6.60752342805138 ], [ 3.371336318067752, 6.60495968527293 ], [ 3.375276390501646, 6.599512394442126 ], [ 3.376588722372178, 6.60051087557885 ], [ 3.376985053000055, 6.600488342000062 ], [ 3.377472857000043, 6.599879091000048 ], [ 3.377823041000056, 6.599591617000044 ], [ 3.378344287000061, 6.599528036000038 ], [ 3.379359070000021, 6.598177326000041 ], [ 3.383009806000075, 6.593480401000022 ], [ 3.382883714000059, 6.593305736000048 ], [ 3.379091960000039, 6.588053235000075 ], [ 3.375120555000024, 6.582580120000046 ], [ 3.374164766000035, 6.581264111000053 ], [ 3.373219221000056, 6.579962198000032 ], [ 3.373142553000037, 6.579855030000033 ], [ 3.373174664000032, 6.579831246000026 ], [ 3.372792846000038, 6.579364221000048 ], [ 3.371796199000073, 6.578005507000057 ], [ 3.369208718000039, 6.574398163000069 ], [ 3.368547411000065, 6.573383845000023 ], [ 3.368154412000024, 6.572713979000071 ], [ 3.367734323000036, 6.571738260000075 ] ] ] ] } },
{ "type": "Feature", "properties": { "id": 28895, "name": "Ifako/Ijaye", "code": "25010", "timestamp": "2019-08-09T11:24:19Z", "state_code": "LA" }, "geometry": { "type": "MultiPolygon", "coordinates": [ [ [ [ 3.336678744000039, 6.626534365000055 ], [ 3.336621324000021, 6.626572698000075 ], [ 3.334917402000031, 6.627041045000055 ], [ 3.333826134000049, 6.627355795000028 ], [ 3.333389629000067, 6.627486290000036 ], [ 3.331972888000053, 6.627889333000041 ], [ 3.330173238000043, 6.628396022000061 ], [ 3.32940740500004, 6.628576516000066 ], [ 3.328683685000044, 6.628737833000059 ], [ 3.327906344000041, 6.628891526000075 ], [ 3.327416161000031, 6.628933973000073 ], [ 3.326979560000041, 6.628922773000056 ], [ 3.326477805000025, 6.628838855000026 ], [ 3.325926258000038, 6.628747310000051 ], [ 3.32555086800005, 6.628636502000063 ], [ 3.325098875000037, 6.628514255000027 ], [ 3.324731147000023, 6.628407271000071 ], [ 3.32469681200007, 6.628371555000058 ], [ 3.324644289000048, 6.628316920000032 ], [ 3.324639170000069, 6.628311595000071 ], [ 3.324645265000072, 6.628213673000062 ], [ 3.324618097000041, 6.628225035000071 ], [ 3.32448024200005, 6.628250017000028 ], [ 3.324384437000049, 6.628156258000047 ], [ 3.324049225000067, 6.627991810000026 ], [ 3.323378840000032, 6.62772226900006 ], [ 3.322574686000053, 6.627355058000035 ], [ 3.32241418600006, 6.627895117000037 ], [ 3.322230783000066, 6.628550074000032 ], [ 3.322064755000042, 6.629423300000042 ], [ 3.321915721000039, 6.629928886000073 ], [ 3.321737972000051, 6.630445979000058 ], [ 3.321319291000066, 6.631497439000043 ], [ 3.321130037000046, 6.631991562000053 ], [ 3.320936360000076, 6.632459840000024 ], [ 3.318206209000039, 6.639199543000075 ], [ 3.316026646000068, 6.644611973000053 ], [ 3.315814380000063, 6.645071644000041 ], [ 3.315625091000072, 6.645528429000024 ], [ 3.315405225000063, 6.646083841000063 ], [ 3.315128008000045, 6.646792469000047 ], [ 3.314774204000059, 6.647520292000024 ], [ 3.314487191000069, 6.647884274000035 ], [ 3.314090013000055, 6.648162162000062 ], [ 3.313653504000058, 6.648323277000031 ], [ 3.313274382000031, 6.648386703000028 ], [ 3.312251745000026, 6.648312674000067 ], [ 3.309574520000069, 6.648142030000031 ], [ 3.30805205300004, 6.648028096000075 ], [ 3.307641752000052, 6.64800467200007 ], [ 3.307592450000072, 6.647925150000049 ], [ 3.306946121000067, 6.647877682000058 ], [ 3.306024227000023, 6.647827545000041 ], [ 3.305545983000059, 6.648632029000055 ], [ 3.304550638000023, 6.649341094000022 ], [ 3.302770433000035, 6.650510174000033 ], [ 3.299994791000074, 6.652273421000075 ], [ 3.298061434000033, 6.653557462000038 ], [ 3.296051503000058, 6.654898984000056 ], [ 3.294366927000056, 6.655933947000051 ], [ 3.293773677000047, 6.656604457000071 ], [ 3.292951056000049, 6.658002703000022 ], [ 3.292243321000058, 6.659381731000053 ], [ 3.291863600000056, 6.660094620000052 ], [ 3.291478165000058, 6.660818235000022 ], [ 3.290846875000057, 6.661948301000052 ], [ 3.290023912000038, 6.662791268000035 ], [ 3.289219906000028, 6.663308719000042 ], [ 3.287668914000051, 6.663615982000067 ], [ 3.286481465000065, 6.663386904000049 ], [ 3.286235030000057, 6.66335781600003 ], [ 3.284221581000054, 6.663120147000029 ], [ 3.283187545000033, 6.663254772000073 ], [ 3.282115481000062, 6.663868102000038 ], [ 3.28168632400002, 6.664206777000061 ], [ 3.281073733000028, 6.664590073000056 ], [ 3.279833262000068, 6.665417944000069 ], [ 3.277811676000056, 6.666644518000055 ], [ 3.275238923000074, 6.668545379000022 ], [ 3.273646309000071, 6.669817650000027 ], [ 3.272865612000032, 6.670982243000026 ], [ 3.272389972000042, 6.671756627000036 ], [ 3.271781528000076, 6.672744967000028 ], [ 3.271318027000063, 6.673588246000065 ], [ 3.270587720000037, 6.674916936000045 ], [ 3.270324114000061, 6.676146343000028 ], [ 3.269991892000064, 6.677973185000042 ], [ 3.269936404000021, 6.681557604000034 ], [ 3.266008242000055, 6.684558221000032 ], [ 3.262229589000071, 6.687891892000039 ], [ 3.261827676000053, 6.688386109000021 ], [ 3.259129091000034, 6.691696205000028 ], [ 3.258325053000021, 6.692305515000044 ], [ 3.25818724100003, 6.692454937000036 ], [ 3.257394661000035, 6.693006797000066 ], [ 3.257746197000074, 6.696956686000021 ], [ 3.260409406000065, 6.699099788000069 ], [ 3.262813480000034, 6.700103745000035 ], [ 3.26305293300004, 6.700208927000062 ], [ 3.264546886000062, 6.700428319000025 ], [ 3.265772601000037, 6.700437231000024 ], [ 3.268865138000024, 6.699583491000055 ], [ 3.269726391000063, 6.698539487000062 ], [ 3.27245543600003, 6.698423097000045 ], [ 3.273976438000034, 6.697288075000074 ], [ 3.277270045000023, 6.694830275000072 ], [ 3.27833261847194, 6.694043206550381 ], [ 3.278413710694337, 6.693590447582591 ], [ 3.279689420375969, 6.692800425167201 ], [ 3.280395233204495, 6.691722686538884 ], [ 3.281691218000049, 6.689906893000057 ], [ 3.284995633000051, 6.687195964000068 ], [ 3.285225616000048, 6.687007288000075 ], [ 3.285464883000031, 6.686796528000059 ], [ 3.288403276000054, 6.685596289000046 ], [ 3.288623464000068, 6.685509997000054 ], [ 3.29015054100006, 6.685130939000032 ], [ 3.290796780000051, 6.68494387100003 ], [ 3.290911831000074, 6.684914922000075 ], [ 3.295135043000073, 6.683852285000057 ], [ 3.297724833000075, 6.683211205000021 ], [ 3.29810856000006, 6.682929986000033 ], [ 3.299630399000023, 6.681837664000057 ], [ 3.301226882000037, 6.680682107000052 ], [ 3.302172786000028, 6.680437399000027 ], [ 3.306930614000066, 6.679075956000077 ], [ 3.307393780000041, 6.678619961000038 ], [ 3.308251216000031, 6.677788432000057 ], [ 3.309709018000035, 6.676861838000036 ], [ 3.31046516400005, 6.676373106000028 ], [ 3.310689327234529, 6.67607765316275 ], [ 3.311231151363723, 6.675440211476271 ], [ 3.311824968468985, 6.674865138660613 ], [ 3.312409504518031, 6.674673876314834 ], [ 3.314590600993274, 6.674825183654278 ], [ 3.31554090527241, 6.674329426280302 ], [ 3.315961409423234, 6.674893257670203 ], [ 3.316602783784528, 6.675220298811373 ], [ 3.317225298536993, 6.675666171468866 ], [ 3.317582492000042, 6.675237895000066 ], [ 3.320425722000039, 6.674248054000032 ], [ 3.32216612600007, 6.673655269000051 ], [ 3.323676202000058, 6.673148925000021 ], [ 3.324849841000059, 6.672755614000039 ], [ 3.328053618000069, 6.67168113200006 ], [ 3.328078302000051, 6.671651785000051 ], [ 3.330314201000022, 6.671720056000026 ], [ 3.33429561500003, 6.671757583000044 ], [ 3.336438567000073, 6.671773358000053 ], [ 3.339357132000032, 6.67181731200003 ], [ 3.340862359000027, 6.671816274000037 ], [ 3.343597952000039, 6.67311256000005 ], [ 3.345033851000039, 6.672554372000036 ], [ 3.34519380200004, 6.671250333000046 ], [ 3.346535157000062, 6.666969982000069 ], [ 3.348117296000055, 6.662000158000069 ], [ 3.348417298000072, 6.661161794000066 ], [ 3.348762338000029, 6.660766002000059 ], [ 3.35093043400002, 6.65988169000002 ], [ 3.351639825000063, 6.659607466000068 ], [ 3.352630899000076, 6.659216776000051 ], [ 3.352998214000024, 6.658707197000069 ], [ 3.353350239000065, 6.658239753000032 ], [ 3.353197073000047, 6.658285816000046 ], [ 3.353112775000056, 6.658232264000048 ], [ 3.353189336000071, 6.658178597000074 ], [ 3.352660497000045, 6.657757735000075 ], [ 3.352308303000029, 6.657987753000043 ], [ 3.351511677000076, 6.658003638000025 ], [ 3.351113201000032, 6.657781813000042 ], [ 3.350860395000041, 6.657743698000047 ], [ 3.350668836000068, 6.657659586000023 ], [ 3.350400640000032, 6.657521916000064 ], [ 3.350086543000032, 6.657468527000049 ], [ 3.349580742000057, 6.657124234000037 ], [ 3.349013667000065, 6.65678764300003 ], [ 3.34872241100004, 6.656535105000046 ], [ 3.348354528000073, 6.656244326000035 ], [ 3.348032654000065, 6.656022445000076 ], [ 3.347840978000022, 6.655769836000047 ], [ 3.347334658000023, 6.654682627000057 ], [ 3.347142918000031, 6.654338111000072 ], [ 3.346922541000026, 6.654027315000064 ], [ 3.346376579000037, 6.65375197700007 ], [ 3.345767448000061, 6.653511148000064 ], [ 3.345238746000064, 6.653270261000046 ], [ 3.344859489000044, 6.653138410000054 ], [ 3.344342366000035, 6.653023887000074 ], [ 3.343813725000075, 6.652869161000069 ], [ 3.343164433000027, 6.652703031000044 ], [ 3.342785125000034, 6.652496504000055 ], [ 3.34246898400005, 6.652249723000068 ], [ 3.342233200000067, 6.651899491000052 ], [ 3.341957146000027, 6.651468868000052 ], [ 3.341704801000049, 6.651030555000034 ], [ 3.341735756000048, 6.651024581000058 ], [ 3.341551358000061, 6.650212864000025 ], [ 3.341244626000048, 6.649722905000033 ], [ 3.341152528000066, 6.649462566000068 ], [ 3.341718817000071, 6.648680967000075 ], [ 3.34199403100007, 6.647899568000071 ], [ 3.342698035000069, 6.646888105000073 ], [ 3.342881711000075, 6.646658210000055 ], [ 3.343065227000068, 6.646198549000076 ], [ 3.343003567000039, 6.645647150000059 ], [ 3.343053534000035, 6.645478099000059 ], [ 3.343248106000033, 6.64481981800003 ], [ 3.343293587000062, 6.644130485000062 ], [ 3.343247140000074, 6.643425897000043 ], [ 3.343230801000061, 6.64195539800005 ], [ 3.343285907000052, 6.640567837000049 ], [ 3.343291028000067, 6.64043889200002 ], [ 3.343366999000068, 6.63953508700007 ], [ 3.343351117000054, 6.63872325400007 ], [ 3.343319863000033, 6.637834842000075 ], [ 3.343273321000026, 6.63699239400006 ], [ 3.343211609000036, 6.636364406000041 ], [ 3.343197168000074, 6.635904322000044 ], [ 3.34302453500004, 6.635483202000046 ], [ 3.342698631000076, 6.634947303000047 ], [ 3.342449389000024, 6.634507088000021 ], [ 3.341835894000042, 6.63345441000007 ], [ 3.341841631000023, 6.633312388000036 ], [ 3.341529115000071, 6.63288020300007 ], [ 3.340513588000022, 6.631961831000069 ], [ 3.339440671000034, 6.631120086000067 ], [ 3.338789216000066, 6.630546112000047 ], [ 3.338233546000026, 6.630029514000057 ], [ 3.337773517000073, 6.629359672000021 ], [ 3.337523944000054, 6.628421624000055 ], [ 3.337293547000058, 6.627521858000023 ], [ 3.337052007000068, 6.627131417000044 ], [ 3.336787482000034, 6.626729503000035 ], [ 3.336678744000039, 6.626534365000055 ] ] ] ] } },
{ "type": "Feature", "properties": { "id": 28893, "name": "Alimosho", "code": "25003", "timestamp": "2019-08-09T11:24:17Z", "state_code": "LA" }, "geometry": { "type": "MultiPolygon", "coordinates": [ [ [ [ 3.262569290000044, 6.477564611000048 ], [ 3.262086441000065, 6.477531054000053 ], [ 3.258523171000036, 6.477365021000026 ], [ 3.253775561000054, 6.477168281000047 ], [ 3.250620728000058, 6.477096130000064 ], [ 3.247964634000027, 6.477145303000043 ], [ 3.247469883000065, 6.476972946000046 ], [ 3.247400997000057, 6.477153946000044 ], [ 3.247396921000075, 6.477165980000052 ], [ 3.246353580000061, 6.477089897000042 ], [ 3.245578012000067, 6.47653499300003 ], [ 3.245194932000061, 6.476085210000065 ], [ 3.24512728000002, 6.474735340000052 ], [ 3.245270613000059, 6.474237434000031 ], [ 3.244887451000068, 6.473615322000057 ], [ 3.244408681000039, 6.473213454000074 ], [ 3.244178845000022, 6.472964646000037 ], [ 3.244101947000047, 6.472284944000023 ], [ 3.243996610000067, 6.472179683000036 ], [ 3.243460587000072, 6.472141645000022 ], [ 3.24247491400007, 6.472544215000028 ], [ 3.241598703000022, 6.472782821000067 ], [ 3.241594448000058, 6.472783979000042 ], [ 3.241460538000069, 6.472975519000045 ], [ 3.241424470000027, 6.473237996000023 ], [ 3.241422384000032, 6.473253177000061 ], [ 3.241154331000075, 6.473147992000065 ], [ 3.240726172000052, 6.473270572000047 ], [ 3.240725585000064, 6.473270740000032 ], [ 3.240336868000043, 6.473674885000037 ], [ 3.240327605000061, 6.473684516000048 ], [ 3.239481099000045, 6.474395825000045 ], [ 3.239470335000021, 6.474404870000058 ], [ 3.23921040700003, 6.47529344000003 ], [ 3.239027137000051, 6.476365791000035 ], [ 3.238890149000042, 6.478158068000027 ], [ 3.238936208000041, 6.478403135000065 ], [ 3.23977912600003, 6.479704773000037 ], [ 3.239645692000067, 6.480046322000021 ], [ 3.23964146000003, 6.480057153000075 ], [ 3.239136098000074, 6.480103346000021 ], [ 3.238661517000025, 6.480471203000036 ], [ 3.238202185000034, 6.480701189000058 ], [ 3.237727344000064, 6.480517595000038 ], [ 3.237308559000041, 6.480248594000045 ], [ 3.237298404000057, 6.480242071000021 ], [ 3.237212409000051, 6.481410683000036 ], [ 3.23720709600002, 6.48148287600003 ], [ 3.237472292000064, 6.48182379800005 ], [ 3.237883969000052, 6.482024654000043 ], [ 3.238573126000063, 6.482014757000059 ], [ 3.238860299000066, 6.482062491000022 ], [ 3.239923042000044, 6.482665138000073 ], [ 3.240507370000046, 6.483622240000045 ], [ 3.241024611000057, 6.484397471000023 ], [ 3.241031404000069, 6.484498657000074 ], [ 3.241043891000061, 6.48468467500004 ], [ 3.240832406000038, 6.484979273000022 ], [ 3.240823887000033, 6.484991141000023 ], [ 3.240517613000065, 6.485039155000038 ], [ 3.239216045000035, 6.485441869000056 ], [ 3.237373667000043, 6.485849131000066 ], [ 3.237349745000074, 6.48585441900002 ], [ 3.235561069000028, 6.488535913000021 ], [ 3.23510202600005, 6.48940734100006 ], [ 3.234078931000056, 6.491772539000067 ], [ 3.233314327000073, 6.494262076000041 ], [ 3.231601547000025, 6.495564897000065 ], [ 3.229027531000042, 6.497423383000068 ], [ 3.227869077000037, 6.498213743000065 ], [ 3.22528253400003, 6.49994775600004 ], [ 3.224501646000022, 6.500377009000033 ], [ 3.223919903000024, 6.500913399000069 ], [ 3.22330078300007, 6.501282360000062 ], [ 3.223276829000042, 6.501296635000074 ], [ 3.222985859000062, 6.501342717000057 ], [ 3.22252639900006, 6.50134292000007 ], [ 3.222335719000057, 6.500961910000058 ], [ 3.222311796000042, 6.500914108000075 ], [ 3.222205761000055, 6.500095019000071 ], [ 3.222188857000049, 6.499964442000021 ], [ 3.221913088000065, 6.499750110000036 ], [ 3.22131573300004, 6.499612509000031 ], [ 3.220457931000055, 6.499275886000021 ], [ 3.220243451000044, 6.499122799000077 ], [ 3.219829946000061, 6.499138297000059 ], [ 3.219247987000074, 6.499184504000027 ], [ 3.218834462000075, 6.499154046000058 ], [ 3.218130079000048, 6.499430076000067 ], [ 3.217917579000073, 6.499458507000043 ], [ 3.217900364000059, 6.499460811000063 ], [ 3.217396438000037, 6.499950425000065 ], [ 3.21737986200003, 6.499966531000041 ], [ 3.217104180000035, 6.499951331000034 ], [ 3.21679780900007, 6.499798282000029 ], [ 3.216675143000032, 6.499461337000071 ], [ 3.216521826000076, 6.499078451000059 ], [ 3.216273708000074, 6.498772162000023 ], [ 3.216261330000066, 6.498756883000055 ], [ 3.216184577000035, 6.498343327000043 ], [ 3.21659784600007, 6.49777638200004 ], [ 3.216949951000061, 6.497439234000069 ], [ 3.216720204000069, 6.497393378000027 ], [ 3.216061715000023, 6.497546840000041 ], [ 3.215709609000044, 6.497883988000069 ], [ 3.215189328000065, 6.498910520000038 ], [ 3.214699585000062, 6.499722586000075 ], [ 3.214010728000062, 6.500504100000057 ], [ 3.213275923000026, 6.50128563100003 ], [ 3.213245783000048, 6.502449818000059 ], [ 3.214578881000023, 6.504011697000067 ], [ 3.21431922000005, 6.505666159000043 ], [ 3.214227717000028, 6.506585281000071 ], [ 3.213355213000057, 6.507719188000067 ], [ 3.21226837100005, 6.509052317000055 ], [ 3.210829405000027, 6.510722589000068 ], [ 3.21061510200002, 6.510998404000077 ], [ 3.209696489000066, 6.511780007000027 ], [ 3.208532987000069, 6.512959980000062 ], [ 3.20859841500004, 6.513042798000072 ], [ 3.208448923000049, 6.51321980900002 ], [ 3.208143070000062, 6.514338154000029 ], [ 3.207546677000039, 6.516574838000054 ], [ 3.207332859000076, 6.518045460000053 ], [ 3.207012226000074, 6.520481165000035 ], [ 3.206767805000027, 6.52202838900007 ], [ 3.206186325000033, 6.523315345000071 ], [ 3.205910637000045, 6.52331545800007 ], [ 3.204792439000073, 6.522994234000066 ], [ 3.204623988000037, 6.523055574000068 ], [ 3.203169315000025, 6.523913974000038 ], [ 3.200261505000071, 6.529536869000026 ], [ 3.20018539900002, 6.530731709000065 ], [ 3.199649774000022, 6.531850140000074 ], [ 3.201089741000033, 6.532446972000059 ], [ 3.201396128000056, 6.532600030000026 ], [ 3.200264197000024, 6.536307453000063 ], [ 3.200357584000074, 6.540045023000062 ], [ 3.201369062000026, 6.541515153000034 ], [ 3.201186286000052, 6.544073342000047 ], [ 3.198629081000036, 6.545774663000032 ], [ 3.199533872000075, 6.54856219100003 ], [ 3.200131983000063, 6.550461392000045 ], [ 3.200071082000022, 6.55138050000005 ], [ 3.199919463000072, 6.552726975000041 ], [ 3.199552825000069, 6.555162691000021 ], [ 3.198451797000075, 6.559697271000061 ], [ 3.197977571000024, 6.561229264000076 ], [ 3.19715128200005, 6.563358798000024 ], [ 3.196493176000047, 6.564722363000044 ], [ 3.195697336000023, 6.566407660000039 ], [ 3.195345253000028, 6.566959247000057 ], [ 3.193553865000069, 6.568874699000048 ], [ 3.192128901000046, 6.567711075000034 ], [ 3.19167010700005, 6.569610690000047 ], [ 3.191716774000042, 6.571479474000057 ], [ 3.192942639000023, 6.572689129000025 ], [ 3.193180004000055, 6.576250458000061 ], [ 3.193281588000048, 6.577774589000057 ], [ 3.20088178900005, 6.584343032000049 ], [ 3.204375038000023, 6.586241051000059 ], [ 3.205080612000074, 6.588553784000055 ], [ 3.210336203000054, 6.59216665100007 ], [ 3.211792482000021, 6.594662872000072 ], [ 3.218396374000065, 6.59868866100004 ], [ 3.22320710300005, 6.60044810100004 ], [ 3.224616983000033, 6.60176481600007 ], [ 3.225367909000056, 6.602484422000032 ], [ 3.227100961000076, 6.607033080000065 ], [ 3.227399839000043, 6.607817417000035 ], [ 3.228495619000057, 6.608913109000071 ], [ 3.231428882000046, 6.611676651000039 ], [ 3.232149174000028, 6.612350307000042 ], [ 3.23235608300007, 6.612579980000021 ], [ 3.233536241000024, 6.613896774000068 ], [ 3.234578612000064, 6.615374469000074 ], [ 3.237830248000023, 6.619846252000059 ], [ 3.238031750000061, 6.646037830000068 ], [ 3.238106454000047, 6.655747966000035 ], [ 3.238049480000029, 6.65673600100007 ], [ 3.238061512000058, 6.657861865000029 ], [ 3.238407639000059, 6.660814233000053 ], [ 3.241476847000058, 6.663558484000021 ], [ 3.243234573696999, 6.664804013413358 ], [ 3.244280464633641, 6.665767387796316 ], [ 3.244904689931159, 6.666757859093833 ], [ 3.246715464022056, 6.669491635653 ], [ 3.248607643176304, 6.671937600093838 ], [ 3.251615165066045, 6.675787319829299 ], [ 3.254099132506811, 6.678630361418858 ], [ 3.256104023238541, 6.68192324061948 ], [ 3.257043517431017, 6.68353907807996 ], [ 3.256810997707296, 6.684510106377492 ], [ 3.256666952000046, 6.685757977000037 ], [ 3.256220137000071, 6.688297153000065 ], [ 3.257221276000053, 6.691053855000064 ], [ 3.257358599000042, 6.692600618000029 ], [ 3.257394661000035, 6.693006797000066 ], [ 3.25818724100003, 6.692454937000036 ], [ 3.258325053000021, 6.692305515000044 ], [ 3.259129091000034, 6.691696205000028 ], [ 3.261827676000053, 6.688386109000021 ], [ 3.262229589000071, 6.687891892000039 ], [ 3.266008242000055, 6.684558221000032 ], [ 3.269936404000021, 6.681557604000034 ], [ 3.269991892000064, 6.677973185000042 ], [ 3.270324114000061, 6.676146343000028 ], [ 3.270587720000037, 6.674916936000045 ], [ 3.271318027000063, 6.673588246000065 ], [ 3.271781528000076, 6.672744967000028 ], [ 3.272389972000042, 6.671756627000036 ], [ 3.272865612000032, 6.670982243000026 ], [ 3.273646309000071, 6.669817650000027 ], [ 3.275238923000074, 6.668545379000022 ], [ 3.277811676000056, 6.666644518000055 ], [ 3.279833262000068, 6.665417944000069 ], [ 3.281073733000028, 6.664590073000056 ], [ 3.28168632400002, 6.664206777000061 ], [ 3.282115481000062, 6.663868102000038 ], [ 3.283187545000033, 6.663254772000073 ], [ 3.284221581000054, 6.663120147000029 ], [ 3.286235030000057, 6.66335781600003 ], [ 3.286481465000065, 6.663386904000049 ], [ 3.287668914000051, 6.663615982000067 ], [ 3.289219906000028, 6.663308719000042 ], [ 3.290023912000038, 6.662791268000035 ], [ 3.290846875000057, 6.661948301000052 ], [ 3.291478165000058, 6.660818235000022 ], [ 3.291863600000056, 6.660094620000052 ], [ 3.292243321000058, 6.659381731000053 ], [ 3.292951056000049, 6.658002703000022 ], [ 3.293773677000047, 6.656604457000071 ], [ 3.294366927000056, 6.655933947000051 ], [ 3.296051503000058, 6.654898984000056 ], [ 3.298061434000033, 6.653557462000038 ], [ 3.299994791000074, 6.652273421000075 ], [ 3.302770433000035, 6.650510174000033 ], [ 3.304550638000023, 6.649341094000022 ], [ 3.305545983000059, 6.648632029000055 ], [ 3.306024227000023, 6.647827545000041 ], [ 3.306253430000027, 6.646870036000053 ], [ 3.306214681000029, 6.646142461000068 ], [ 3.305754252000042, 6.644783284000027 ], [ 3.305351569000038, 6.643902755000056 ], [ 3.305025486000034, 6.643022178000024 ], [ 3.304584401000056, 6.641969345000064 ], [ 3.304460229000028, 6.641416701000026 ], [ 3.30393863300003, 6.640222227000038 ], [ 3.303386298000021, 6.638859274000026 ], [ 3.302619092000043, 6.636837782000043 ], [ 3.302097525000022, 6.63567394100005 ], [ 3.301826061000043, 6.634848440000042 ], [ 3.300567948000037, 6.631663083000035 ], [ 3.298559130000058, 6.626424428000064 ], [ 3.298114105000025, 6.62513799200002 ], [ 3.298036922000051, 6.62415769200004 ], [ 3.298327080000035, 6.622656364000022 ], [ 3.299107525000068, 6.62129260200004 ], [ 3.300546712000028, 6.619989712000063 ], [ 3.301085163000039, 6.619347950000076 ], [ 3.301728284000035, 6.618903341000021 ], [ 3.302524386000073, 6.618121644000041 ], [ 3.303213264000021, 6.617355330000066 ], [ 3.303840631000071, 6.61620610500006 ], [ 3.304238224000073, 6.615072337000072 ], [ 3.304325326000026, 6.61481675400006 ], [ 3.304666378000036, 6.613816008000072 ], [ 3.305170972000042, 6.612314545000061 ], [ 3.305507445000046, 6.611441218000039 ], [ 3.305859471000076, 6.610950829000046 ], [ 3.306266055000037, 6.610407853000027 ], [ 3.306793317000029, 6.609969053000043 ], [ 3.30791754400002, 6.609305654000025 ], [ 3.308079603000067, 6.60921002300006 ], [ 3.309273996000059, 6.608485512000073 ], [ 3.309934344000055, 6.608065774000067 ], [ 3.310186995000038, 6.607899035000059 ], [ 3.310288066000055, 6.607849955000063 ], [ 3.31221742300005, 6.606623317000071 ], [ 3.313159134000045, 6.606032987000049 ], [ 3.313798830000053, 6.605668019000063 ], [ 3.314332935000039, 6.605472379000048 ], [ 3.314780932000076, 6.605368701000032 ], [ 3.315303646000075, 6.605328161000045 ], [ 3.315837910000027, 6.605385264000063 ], [ 3.316038454000022, 6.604580948000034 ], [ 3.315974956000048, 6.604092731000037 ], [ 3.31592869900004, 6.603615991000026 ], [ 3.315824655000029, 6.602599332000068 ], [ 3.315703605000067, 6.601938825000047 ], [ 3.315565406000076, 6.601410445000056 ], [ 3.315157536000072, 6.601376238000057 ], [ 3.314428056000054, 6.601457118000042 ], [ 3.312831244000051, 6.601641937000068 ], [ 3.312589369000023, 6.600665573000072 ], [ 3.312118337000072, 6.600671613000031 ], [ 3.31113601900006, 6.600614785000062 ], [ 3.310274373000027, 6.600621066000031 ], [ 3.309860773000025, 6.600609835000057 ], [ 3.309912280000049, 6.600299616000029 ], [ 3.309952129000067, 6.599719425000046 ], [ 3.309980126000028, 6.598553333000041 ], [ 3.309870359000058, 6.597548164000045 ], [ 3.30979527300002, 6.596887627000058 ], [ 3.309794656000065, 6.595893878000027 ], [ 3.309851599000069, 6.595089653000059 ], [ 3.309897517000024, 6.595032183000058 ], [ 3.309941485000024, 6.594916792000049 ], [ 3.309873485000026, 6.594875189000049 ], [ 3.309723824000059, 6.59437553500004 ], [ 3.309298029000047, 6.593215469000029 ], [ 3.308752397000035, 6.593330691000062 ], [ 3.308700350000038, 6.592767790000039 ], [ 3.308665362000056, 6.591923412000028 ], [ 3.308735272000035, 6.590410726000073 ], [ 3.30876177500005, 6.589920537000069 ], [ 3.308791454000072, 6.588373410000031 ], [ 3.308792338000046, 6.588147725000056 ], [ 3.308794073000058, 6.587704766000058 ], [ 3.30883226800006, 6.587543904000029 ], [ 3.308702043000039, 6.587505690000057 ], [ 3.30868666300006, 6.587406133000059 ], [ 3.308708783000043, 6.586019849000024 ], [ 3.308715496000048, 6.584488054000076 ], [ 3.308752451000032, 6.582320547000052 ], [ 3.308774448000065, 6.580735130000051 ], [ 3.308667187000026, 6.580673924000052 ], [ 3.308628652000039, 6.58028334200003 ], [ 3.308605453000041, 6.579923385000029 ], [ 3.308620336000047, 6.579218752000031 ], [ 3.308655312000042, 6.577979894000066 ], [ 3.308655055000031, 6.577563439000073 ], [ 3.308425118000059, 6.577281156000026 ], [ 3.308200089000024, 6.577195132000043 ], [ 3.307726165000076, 6.577133195000044 ], [ 3.307295378000049, 6.577162181000062 ], [ 3.307046495000066, 6.577205415000037 ], [ 3.30697439100004, 6.576712414000042 ], [ 3.306926081000029, 6.575989629000048 ], [ 3.306954305000033, 6.575180635000038 ], [ 3.307025615000043, 6.574381187000029 ], [ 3.307413302000043, 6.574323507000031 ], [ 3.307503329000042, 6.572825168000065 ], [ 3.307540928000037, 6.57169544900006 ], [ 3.307387602000063, 6.571446627000057 ], [ 3.30692271700002, 6.570503902000041 ], [ 3.306386283000052, 6.569968104000054 ], [ 3.305955230000052, 6.569551911000076 ], [ 3.305921445000024, 6.569097181000075 ], [ 3.305835043000059, 6.568699925000033 ], [ 3.305734348000044, 6.568412776000059 ], [ 3.305681555000035, 6.568183039000075 ], [ 3.305389593000029, 6.568221512000036 ], [ 3.30496841300004, 6.568293572000073 ], [ 3.304556896000065, 6.568514017000041 ], [ 3.304289001000029, 6.568772670000044 ], [ 3.303719747000059, 6.569361798000045 ], [ 3.303480511000032, 6.569519909000064 ], [ 3.303059450000035, 6.569793015000073 ], [ 3.303030768000042, 6.569855261000043 ], [ 3.303284742000073, 6.570319432000076 ], [ 3.30308388800006, 6.570625912000025 ], [ 3.302863808000041, 6.570803159000036 ], [ 3.302581482000051, 6.570946935000052 ], [ 3.301667535000036, 6.571454893000066 ], [ 3.300672160000033, 6.571876735000046 ], [ 3.300021296000068, 6.572082960000046 ], [ 3.299710182000069, 6.57211665400007 ], [ 3.299269779000042, 6.572069049000049 ], [ 3.298681037000051, 6.572102909000023 ], [ 3.297757254000032, 6.572180049000053 ], [ 3.29690045500007, 6.572209279000049 ], [ 3.295713341000067, 6.572181260000036 ], [ 3.295004899000048, 6.572157744000037 ], [ 3.294732086000067, 6.572205773000064 ], [ 3.294721756000058, 6.572673718000033 ], [ 3.29456843600002, 6.572630008000033 ], [ 3.29440097500003, 6.572646446000022 ], [ 3.293772845000035, 6.572447682000075 ], [ 3.292968521000034, 6.572172430000023 ], [ 3.291880750000075, 6.571767140000077 ], [ 3.29124491500005, 6.571484129000055 ], [ 3.290486501000032, 6.571132257000045 ], [ 3.289720403000047, 6.57073443400003 ], [ 3.288962053000034, 6.570489785000063 ], [ 3.288894670000047, 6.570485860000076 ], [ 3.28883494300004, 6.570482382000023 ], [ 3.288311044000068, 6.570451866000042 ], [ 3.288108470000054, 6.570580251000024 ], [ 3.287954465000041, 6.570316581000043 ], [ 3.287705993000031, 6.569891175000066 ], [ 3.287361085000043, 6.569422261000057 ], [ 3.286815077000028, 6.568848151000054 ], [ 3.286460530000056, 6.568264357000032 ], [ 3.28640309900004, 6.568139236000036 ], [ 3.286380853000026, 6.568090770000026 ], [ 3.286355093000054, 6.568034648000037 ], [ 3.286629169000037, 6.567339127000025 ], [ 3.286641875000043, 6.567306882000025 ], [ 3.286638104000076, 6.567280589000063 ], [ 3.286622652000062, 6.567172860000028 ], [ 3.286785315000031, 6.56702916200004 ], [ 3.286819856000022, 6.566911469000047 ], [ 3.286833089000027, 6.566866381000068 ], [ 3.286794669000074, 6.566646208000066 ], [ 3.286737109000057, 6.56643561900006 ], [ 3.286555059000023, 6.566158085000041 ], [ 3.286428726000054, 6.565922577000038 ], [ 3.286411307000037, 6.565890103000072 ], [ 3.28647048800002, 6.565587061000031 ], [ 3.286476117000063, 6.565239696000049 ], [ 3.286477885000068, 6.565130582000052 ], [ 3.286408695000034, 6.564671083000064 ], [ 3.286362599000029, 6.564418363000073 ], [ 3.286296467000057, 6.56408135700002 ], [ 3.286293471000022, 6.56406609000004 ], [ 3.286308478000024, 6.563522294000052 ], [ 3.286422988000027, 6.562878875000024 ], [ 3.286430472000063, 6.562572511000042 ], [ 3.28653741100004, 6.562082276000069 ], [ 3.286743973000057, 6.561699209000039 ], [ 3.286873304000039, 6.561296790000029 ], [ 3.286889227000074, 6.56124724600005 ], [ 3.286843157000021, 6.561040480000031 ], [ 3.286789359000068, 6.560711175000051 ], [ 3.286658980000027, 6.560389573000066 ], [ 3.286421405000056, 6.560106326000039 ], [ 3.286344745000065, 6.559976167000059 ], [ 3.286245010000073, 6.559669865000046 ], [ 3.286168302000021, 6.559455458000059 ], [ 3.286076304000062, 6.559287013000073 ], [ 3.286007269000038, 6.55909557800004 ], [ 3.285930409000059, 6.558613106000053 ], [ 3.285746308000057, 6.558092400000021 ], [ 3.285736179000025, 6.557887142000027 ], [ 3.285730812000054, 6.557778391000056 ], [ 3.286021442000049, 6.557088917000044 ], [ 3.286419384000055, 6.556567880000046 ], [ 3.287132689000032, 6.55545715300002 ], [ 3.287155472000052, 6.555421676000037 ], [ 3.286959762000038, 6.554686526000069 ], [ 3.286617286000023, 6.55393637100002 ], [ 3.286603199000069, 6.553905514000064 ], [ 3.28668331700004, 6.553388488000053 ], [ 3.286683026000048, 6.55287794000003 ], [ 3.28668295600005, 6.552756622000061 ], [ 3.286575600000049, 6.552402599000061 ], [ 3.28646605800003, 6.55193637800005 ], [ 3.286345290000042, 6.551422381000066 ], [ 3.286230026000055, 6.550740798000049 ], [ 3.286183712000025, 6.550267194000071 ], [ 3.286176103000059, 6.550189382000042 ], [ 3.28623716900006, 6.549837034000063 ], [ 3.286367029000075, 6.549254878000056 ], [ 3.286422935000076, 6.54822374500003 ], [ 3.286427658000036, 6.548136632000023 ], [ 3.286289246000024, 6.547148702000072 ], [ 3.285950498000034, 6.545196306000037 ], [ 3.285935804000076, 6.545111615000053 ], [ 3.286562888000049, 6.543541166000068 ], [ 3.28717498900005, 6.542560468000033 ], [ 3.288008882000042, 6.541066489000059 ], [ 3.288038730000039, 6.539695515000062 ], [ 3.288038497000059, 6.539288363000026 ], [ 3.288038441000026, 6.539190018000056 ], [ 3.28803842800005, 6.539167045000056 ], [ 3.288022531000024, 6.539072376000036 ], [ 3.28816738300003, 6.537931105000041 ], [ 3.288593566000031, 6.533266540000056 ], [ 3.288271089000034, 6.531803859000036 ], [ 3.287664592000056, 6.52916185600003 ], [ 3.287459289000026, 6.527699873000074 ], [ 3.287136317000034, 6.52535640800005 ], [ 3.286366057000066, 6.524242463000064 ], [ 3.284406901000068, 6.523123445000067 ], [ 3.282694731000049, 6.522021513000027 ], [ 3.281847894000066, 6.521450721000065 ], [ 3.281901789000074, 6.521418930000038 ], [ 3.28312607700002, 6.519671994000021 ], [ 3.284625815000027, 6.517526633000045 ], [ 3.285501967000073, 6.516335166000033 ], [ 3.285571783000023, 6.516237292000028 ], [ 3.287606195000023, 6.513385260000064 ], [ 3.291145168000071, 6.508596365000074 ], [ 3.292216431000043, 6.507178833000069 ], [ 3.292480813000054, 6.50684947000002 ], [ 3.291997031000051, 6.506372697000074 ], [ 3.291597839000076, 6.505758613000069 ], [ 3.290847180000071, 6.504291072000058 ], [ 3.290511695000021, 6.503485475000048 ], [ 3.290199725000036, 6.501953856000057 ], [ 3.29007933400004, 6.500661470000068 ], [ 3.290031231000057, 6.500238657000068 ], [ 3.290070575000072, 6.499297217000048 ], [ 3.290093564000074, 6.497653712000044 ], [ 3.29010829200007, 6.49551556800003 ], [ 3.290099875000067, 6.495015441000021 ], [ 3.290090495000072, 6.494458097000063 ], [ 3.290080513000021, 6.493865003000053 ], [ 3.290071021000074, 6.493300986000065 ], [ 3.290058724000062, 6.492570297000043 ], [ 3.290048135000063, 6.49194106300007 ], [ 3.290042233000065, 6.491590371000029 ], [ 3.289490056000034, 6.490673565000066 ], [ 3.288754547000053, 6.489984675000073 ], [ 3.287007835000054, 6.488545776000024 ], [ 3.284494989000052, 6.486387354000044 ], [ 3.283575810000059, 6.485867057000064 ], [ 3.28316219200002, 6.485652836000042 ], [ 3.283016914000029, 6.485419577000073 ], [ 3.282889881000074, 6.485539903000074 ], [ 3.282439908000072, 6.485358253000072 ], [ 3.281817592000039, 6.485080960000062 ], [ 3.280572967000069, 6.484535946000051 ], [ 3.280151585000056, 6.484124507000047 ], [ 3.279835555000034, 6.483827896000037 ], [ 3.279433333000043, 6.48344516700007 ], [ 3.279193935000023, 6.48325382400003 ], [ 3.278755536000062, 6.482934062000027 ], [ 3.277269526000055, 6.482046432000061 ], [ 3.275538553000047, 6.48128147400007 ], [ 3.274757340000065, 6.480975537000063 ], [ 3.27400676600007, 6.480684901000075 ], [ 3.273317261000045, 6.480041916000062 ], [ 3.272857609000027, 6.479643894000048 ], [ 3.272053949000053, 6.479117131000066 ], [ 3.271697284000027, 6.478889945000049 ], [ 3.271352591000039, 6.478674719000026 ], [ 3.271242465000057, 6.478552060000027 ], [ 3.271240785000032, 6.478566835000038 ], [ 3.27015319000003, 6.478077238000026 ], [ 3.269234293000068, 6.478031772000065 ], [ 3.268011467000065, 6.477930060000062 ], [ 3.266384236000022, 6.477816031000032 ], [ 3.264000829000054, 6.477664095000023 ], [ 3.262569290000044, 6.477564611000048 ] ] ] ] } },
{ "type": "Feature", "properties": { "id": 28883, "name": "Kosofe", "code": "25013", "timestamp": "2019-08-09T11:24:17Z", "state_code": "LA" }, "geometry": { "type": "MultiPolygon", "coordinates": [ [ [ [ 3.406351340000072, 6.553456527000037 ], [ 3.406966316000023, 6.552882091000072 ], [ 3.407287713000073, 6.552571645000057 ], [ 3.40744832300004, 6.552307284000051 ], [ 3.407570604000057, 6.551997 ], [ 3.407639221000068, 6.551617829000065 ], [ 3.407646568000075, 6.551234879000049 ], [ 3.407569653000053, 6.550825191000058 ], [ 3.40742000900002, 6.550446198000031 ], [ 3.407300977000034, 6.550040374000048 ], [ 3.407266325000023, 6.549806806000049 ], [ 3.407472775000031, 6.54940837700002 ], [ 3.407759639000062, 6.549013711000043 ], [ 3.407981564000067, 6.548810571000047 ], [ 3.40798907900006, 6.548634410000034 ], [ 3.407973548000029, 6.54837019100006 ], [ 3.407965821000062, 6.548285950000036 ], [ 3.407793520000041, 6.548297578000074 ], [ 3.40758674500006, 6.548293916000034 ], [ 3.407418189000055, 6.54820214700004 ], [ 3.407253410000067, 6.548045273000071 ], [ 3.407207386000039, 6.547953404000054 ], [ 3.407195809000029, 6.547842359000072 ], [ 3.407241622000072, 6.54767382700004 ], [ 3.407295139000041, 6.547562730000038 ], [ 3.407471129000044, 6.547378774000038 ], [ 3.407612390000054, 6.546865514000046 ], [ 3.407535696000025, 6.546727716000021 ], [ 3.407447456000057, 6.546517168000037 ], [ 3.40730555600004, 6.54624156400007 ], [ 3.407201968000038, 6.545992734000038 ], [ 3.407121275000065, 6.545644320000065 ], [ 3.406948795000062, 6.545433840000044 ], [ 3.406902744000035, 6.545307506000029 ], [ 3.406887260000076, 6.545100728000023 ], [ 3.406875711000055, 6.545024149000028 ], [ 3.406391840000026, 6.543285973000025 ], [ 3.406180730000074, 6.542654286000072 ], [ 3.406134537000071, 6.542351797000038 ], [ 3.406099748000031, 6.541945904000045 ], [ 3.405946520000043, 6.54186560900007 ], [ 3.405797051000036, 6.541697235000072 ], [ 3.405609071000072, 6.541257 ], [ 3.405493847000059, 6.540820536000069 ], [ 3.405463073000021, 6.540644407000059 ], [ 3.405432163000057, 6.540299782000034 ], [ 3.40544331600006, 6.539886193000029 ], [ 3.405454705000068, 6.539763641000036 ], [ 3.405416158000037, 6.539445829000044 ], [ 3.40546953300003, 6.539158577000023 ], [ 3.405503878000047, 6.539013031000025 ], [ 3.405541903000028, 6.538683668000033 ], [ 3.405660214000022, 6.538201063000031 ], [ 3.405866618000061, 6.537749022000071 ], [ 3.405969838000033, 6.537545978000026 ], [ 3.405808734000061, 6.537193799000022 ], [ 3.405712756000071, 6.536879862000035 ], [ 3.405674333000036, 6.536715227000059 ], [ 3.405639507000046, 6.536263380000037 ], [ 3.405574266000031, 6.536079620000066 ], [ 3.405551177000063, 6.535937949000072 ], [ 3.405570230000023, 6.535823050000033 ], [ 3.405677319000063, 6.535669786000028 ], [ 3.405715443000076, 6.535462965000022 ], [ 3.405726812000069, 6.53531743700006 ], [ 3.405676865000032, 6.535106858000063 ], [ 3.405569511000067, 6.534930790000033 ], [ 3.405465943000024, 6.534701107000046 ], [ 3.405389113000069, 6.534390983000037 ], [ 3.40538897700003, 6.534222488000069 ], [ 3.405442290000053, 6.533858648000034 ], [ 3.405388545000051, 6.53368636600004 ], [ 3.40515085100003, 6.533318931000053 ], [ 3.404821329000072, 6.533035817000041 ], [ 3.404541671000061, 6.532859887000029 ], [ 3.404235409000023, 6.532932892000076 ], [ 3.403779807000035, 6.532994529000064 ], [ 3.403205472000025, 6.533014137000066 ], [ 3.402742136000029, 6.532980042000077 ], [ 3.402183786000023, 6.533838285000058 ], [ 3.401208778000068, 6.535581461000049 ], [ 3.401033482000059, 6.536634699000047 ], [ 3.400621888000046, 6.53907438400006 ], [ 3.400565029000063, 6.53979819500006 ], [ 3.400520849000031, 6.540016508000065 ], [ 3.400435910000056, 6.540080115000023 ], [ 3.400234743000055, 6.540003429000024 ], [ 3.399935395000057, 6.539909679000061 ], [ 3.399762033000059, 6.539846699000066 ], [ 3.399626991000048, 6.540564828000072 ], [ 3.399402635000058, 6.541825532000075 ], [ 3.399347503000058, 6.542164894000052 ], [ 3.399314480000044, 6.542367340000055 ], [ 3.399296513000024, 6.542519434000042 ], [ 3.399268923000022, 6.542650248000029 ], [ 3.399168645000032, 6.542947110000057 ], [ 3.398748407000028, 6.544158506000031 ], [ 3.398581207000063, 6.544565517000024 ], [ 3.398504219000074, 6.544737425000051 ], [ 3.397913693000021, 6.546087773000068 ], [ 3.39740359700005, 6.547466777000068 ], [ 3.39704299400006, 6.549046709000038 ], [ 3.396957370000052, 6.549718845000029 ], [ 3.396928838000065, 6.549954378000052 ], [ 3.396964773000036, 6.550000782000041 ], [ 3.396967209000024, 6.55005582800004 ], [ 3.39696108000004, 6.55007286600005 ], [ 3.396775741000056, 6.550221389000058 ], [ 3.396402514000044, 6.550365288000023 ], [ 3.396067479000067, 6.550384700000052 ], [ 3.395100637000041, 6.550404609000054 ], [ 3.393837029000053, 6.550415175000069 ], [ 3.393578540000021, 6.550386657000047 ], [ 3.392726429000049, 6.550224572000047 ], [ 3.39139551300002, 6.549852240000064 ], [ 3.387789076000047, 6.548907488000054 ], [ 3.387180107000063, 6.548729888000025 ], [ 3.38590472900006, 6.548368986000071 ], [ 3.384468521000031, 6.547996716000057 ], [ 3.383009454000046, 6.547773807000056 ], [ 3.382130692000032, 6.547803197000064 ], [ 3.381165883000051, 6.547976255000037 ], [ 3.380904833000045, 6.548046372000044 ], [ 3.380115001000036, 6.548258517000022 ], [ 3.378993011000034, 6.548767070000054 ], [ 3.378755986000044, 6.548946312000055 ], [ 3.378258372000062, 6.549322614000062 ], [ 3.377837269000054, 6.549641057000031 ], [ 3.377662158000021, 6.549813157000074 ], [ 3.376000632000057, 6.55144610900004 ], [ 3.374209932000042, 6.553251120000027 ], [ 3.372132260000058, 6.555366525000068 ], [ 3.370559635000063, 6.556953084000043 ], [ 3.370043007000049, 6.557378535000055 ], [ 3.369526310000026, 6.557712079000055 ], [ 3.368825827000023, 6.558068734000074 ], [ 3.368228606000059, 6.55825298600007 ], [ 3.367619871000045, 6.55840278200003 ], [ 3.366925915000024, 6.558478963000027 ], [ 3.366861746000041, 6.558483755000054 ], [ 3.366816694000022, 6.559713045000024 ], [ 3.366750541000044, 6.563504256000044 ], [ 3.366747776000068, 6.564871486000072 ], [ 3.366733670000031, 6.566525822000074 ], [ 3.366750097000022, 6.568042275000039 ], [ 3.367042380000044, 6.569757658000071 ], [ 3.367626981000058, 6.571488941000041 ], [ 3.367734323000036, 6.571738260000075 ], [ 3.368154412000024, 6.572713979000071 ], [ 3.368547411000065, 6.573383845000023 ], [ 3.369208718000039, 6.574398163000069 ], [ 3.371796199000073, 6.578005507000057 ], [ 3.372792846000038, 6.579364221000048 ], [ 3.373174664000032, 6.579831246000026 ], [ 3.373142553000037, 6.579855030000033 ], [ 3.373219221000056, 6.579962198000032 ], [ 3.374164766000035, 6.581264111000053 ], [ 3.375120555000024, 6.582580120000046 ], [ 3.379091960000039, 6.588053235000075 ], [ 3.382883714000059, 6.593305736000048 ], [ 3.383009806000075, 6.593480401000022 ], [ 3.379359070000021, 6.598177326000041 ], [ 3.378344287000061, 6.599528036000038 ], [ 3.377823041000056, 6.599591617000044 ], [ 3.377472857000043, 6.599879091000048 ], [ 3.376985053000055, 6.600488342000062 ], [ 3.376588722372178, 6.60051087557885 ], [ 3.375276390501646, 6.599512394442126 ], [ 3.371336318067752, 6.60495968527293 ], [ 3.369491962899593, 6.60752342805138 ], [ 3.366563911281848, 6.605027890448202 ], [ 3.365669092000076, 6.605560918000037 ], [ 3.358641589017972, 6.610784242042038 ], [ 3.359125901891963, 6.611313634216869 ], [ 3.35865419161757, 6.611874314430233 ], [ 3.363275817071699, 6.615104705586093 ], [ 3.363107160806389, 6.615711680113787 ], [ 3.365011029000073, 6.616854452000041 ], [ 3.365585225000075, 6.616509380000025 ], [ 3.365734666000037, 6.616624153000032 ], [ 3.36510915100007, 6.618139958000029 ], [ 3.364753814000039, 6.619260333000057 ], [ 3.364306937000038, 6.620892007000066 ], [ 3.36414108200006, 6.621897359000059 ], [ 3.36405536500007, 6.622512049000022 ], [ 3.363936046000049, 6.624310063000053 ], [ 3.36400635800004, 6.626188356000057 ], [ 3.364002421000066, 6.626694644000054 ], [ 3.364319758000022, 6.628580415000044 ], [ 3.364511054000047, 6.629374846000076 ], [ 3.364607869000054, 6.629776906000075 ], [ 3.365116552000075, 6.63146148900006 ], [ 3.365902962000064, 6.633232030000045 ], [ 3.366468648000023, 6.63430385700002 ], [ 3.367542268000022, 6.636026314000048 ], [ 3.369018097000037, 6.637844204000032 ], [ 3.370359515000075, 6.639154788000042 ], [ 3.371969013000069, 6.64044602000007 ], [ 3.372670081000024, 6.641102084000067 ], [ 3.378430309000066, 6.639288194000073 ], [ 3.380790565000041, 6.640695620000031 ], [ 3.383931352000047, 6.641106776000072 ], [ 3.382229331000076, 6.639070830000037 ], [ 3.390778050000051, 6.639768780000054 ], [ 3.392538763000061, 6.638496016000033 ], [ 3.431207830000062, 6.640632218000064 ], [ 3.432202646000064, 6.639559115000054 ], [ 3.434958451000057, 6.637672631000044 ], [ 3.43844754600002, 6.633518473000038 ], [ 3.440315922000025, 6.632904112000062 ], [ 3.444906496000044, 6.627186535000021 ], [ 3.445165926000072, 6.62608343100004 ], [ 3.449806486000057, 6.624945744000058 ], [ 3.451520610000046, 6.623213296000074 ], [ 3.451719572000059, 6.623013986000046 ], [ 3.452423951000071, 6.622706992000076 ], [ 3.452683391000051, 6.621634522000022 ], [ 3.451809937000064, 6.621313646000033 ], [ 3.449142809000023, 6.619447312000034 ], [ 3.447270943000035, 6.617176722000067 ], [ 3.445952368000064, 6.615858138000021 ], [ 3.444144394000034, 6.61541554400003 ], [ 3.443592506000073, 6.614941189000035 ], [ 3.442611090000071, 6.613777921000064 ], [ 3.440846841000052, 6.610807861000069 ], [ 3.44127542800004, 6.610439857000074 ], [ 3.441611995000073, 6.609949393000022 ], [ 3.441657067000051, 6.608953705000033 ], [ 3.441687078000029, 6.608249066000042 ], [ 3.441901017000021, 6.607666805000065 ], [ 3.44176198200006, 6.607057576000045 ], [ 3.44105025500005, 6.606402419000062 ], [ 3.440345321000052, 6.606066054000053 ], [ 3.438720920000037, 6.605301604000033 ], [ 3.435809815000027, 6.604553594000038 ], [ 3.433343329000024, 6.604249392000042 ], [ 3.43242361700004, 6.603530259000024 ], [ 3.431595683000069, 6.602657869000041 ], [ 3.430552730000045, 6.601127002000055 ], [ 3.430015449000052, 6.599794827000039 ], [ 3.430013705000022, 6.597772893000069 ], [ 3.429827712000076, 6.595245633000047 ], [ 3.424694481000074, 6.593197457000031 ], [ 3.418978817000038, 6.59067486500004 ], [ 3.412195308000037, 6.593407069000023 ], [ 3.410142995000058, 6.593745750000039 ], [ 3.406004452000047, 6.594716865000066 ], [ 3.405223501000023, 6.595039173000032 ], [ 3.404670876000068, 6.593584435000025 ], [ 3.404915204000076, 6.592649855000047 ], [ 3.405435375000025, 6.59186822700002 ], [ 3.405281725000066, 6.591286278000041 ], [ 3.405526286000054, 6.590642734000028 ], [ 3.406505912000057, 6.589768826000068 ], [ 3.406520943000032, 6.589416505000031 ], [ 3.406060801000024, 6.588666310000065 ], [ 3.405706403000067, 6.586093217000041 ], [ 3.405399106000061, 6.584929317000046 ], [ 3.405643603000044, 6.58420918500002 ], [ 3.407634062000056, 6.583196594000071 ], [ 3.40766048200004, 6.583100512000044 ], [ 3.418608658000039, 6.584726378000028 ], [ 3.418835726000054, 6.581509465000067 ], [ 3.418648813000061, 6.577802732000066 ], [ 3.414603751000072, 6.576259010000058 ], [ 3.412366717000054, 6.575403065000046 ], [ 3.409547384000064, 6.574241232000077 ], [ 3.409324507000065, 6.574329246000048 ], [ 3.406932496000024, 6.574286064000034 ], [ 3.406492055000058, 6.574200260000055 ], [ 3.405572530000029, 6.573597869000025 ], [ 3.404562491000036, 6.572740564000071 ], [ 3.404062359000022, 6.572235482000053 ], [ 3.404257268000038, 6.571758559000045 ], [ 3.404360158000031, 6.571138107000024 ], [ 3.404342630000031, 6.570770495000033 ], [ 3.404261760000054, 6.570207632000063 ], [ 3.404060301000072, 6.569685076000042 ], [ 3.40393374000007, 6.569443924000041 ], [ 3.403818607000062, 6.56912808800007 ], [ 3.403674815000045, 6.568886949000046 ], [ 3.403490834000024, 6.568668819000038 ], [ 3.40324944200006, 6.568485200000055 ], [ 3.403077032000056, 6.568370456000025 ], [ 3.402818487000047, 6.568284501000051 ], [ 3.402611660000048, 6.568227226000033 ], [ 3.402456547000043, 6.568192886000077 ], [ 3.40109549400006, 6.568509906000031 ], [ 3.399412762000054, 6.56880420300007 ], [ 3.399326539000072, 6.568723854000041 ], [ 3.397895232000053, 6.566657941000074 ], [ 3.397970745000066, 6.566607075000036 ], [ 3.397966867000036, 6.566545807000068 ], [ 3.398617604000037, 6.566246593000074 ], [ 3.399291351000045, 6.565993314000025 ], [ 3.399693273000025, 6.565805351000051 ], [ 3.401835109000046, 6.564539219000039 ], [ 3.402063938000026, 6.563384459000076 ], [ 3.402287197000021, 6.562447981000048 ], [ 3.402509568000028, 6.561599103000049 ], [ 3.402767703000052, 6.561179572000071 ], [ 3.403146509000067, 6.560823129000028 ], [ 3.403353227000025, 6.56074828900006 ], [ 3.403467715000033, 6.560265687000026 ], [ 3.403467368000065, 6.559834875000035 ], [ 3.403524580000067, 6.559553365000056 ], [ 3.403604785000027, 6.559294813000065 ], [ 3.403799718000073, 6.558852355000056 ], [ 3.404034932000059, 6.558501772000056 ], [ 3.40431628500005, 6.558386662000032 ], [ 3.404591825000068, 6.55818539400002 ], [ 3.404867277000051, 6.557874987000048 ], [ 3.404838419000043, 6.557702686000027 ], [ 3.40467736100004, 6.557415607000053 ], [ 3.404665744000056, 6.557254780000051 ], [ 3.404711453000061, 6.556956047000028 ], [ 3.404802969000059, 6.556479208000042 ], [ 3.404997817000037, 6.555933355000036 ], [ 3.405221471000061, 6.555496618000063 ], [ 3.405468128000052, 6.555094327000063 ], [ 3.405835370000034, 6.554651730000046 ], [ 3.405938669000022, 6.554542507000065 ], [ 3.405886804000033, 6.554330015000062 ], [ 3.405886646000056, 6.554134714000043 ], [ 3.405926713000042, 6.553962357000046 ], [ 3.40606437200006, 6.553726734000065 ], [ 3.406351340000072, 6.553456527000037 ] ] ] ] } },
{ "type": "Feature", "properties": { "id": 28881, "name": "Eti Osa", "code": "25008", "timestamp": "2019-08-09T11:24:19Z", "state_code": "LA" }, "geometry": { "type": "MultiPolygon", "coordinates": [ [ [ [ 3.40172633800006, 6.400790982000046 ], [ 3.40171695600003, 6.398581386000046 ], [ 3.377091507074725, 6.398044023261379 ], [ 3.380097831770166, 6.407384180733267 ], [ 3.384384480568854, 6.409898164538653 ], [ 3.397515326077205, 6.409448029577252 ], [ 3.400271547000045, 6.41042705600006 ], [ 3.400168934000021, 6.411384502000033 ], [ 3.40058909000004, 6.415091096000026 ], [ 3.400677836000057, 6.415987122000047 ], [ 3.401028628000063, 6.41909637200007 ], [ 3.401267756000038, 6.421374717000049 ], [ 3.401567931000045, 6.423388779000049 ], [ 3.401802321000048, 6.424499140000023 ], [ 3.402293535000069, 6.426034368000046 ], [ 3.402781499000071, 6.428301026000042 ], [ 3.403008087000046, 6.429219918000058 ], [ 3.403018422000059, 6.432620473000043 ], [ 3.402962235000075, 6.434190596000064 ], [ 3.402842059000022, 6.436439050000047 ], [ 3.403046307000068, 6.43714312700007 ], [ 3.403009753000049, 6.439335522000022 ], [ 3.402883645000031, 6.44080871500006 ], [ 3.403058437000027, 6.441407647000062 ], [ 3.403160067000044, 6.441530003000025 ], [ 3.404075271000067, 6.44187448100007 ], [ 3.405409681000037, 6.442953784000053 ], [ 3.406312488000026, 6.444362229000035 ], [ 3.406835856000043, 6.445367044000022 ], [ 3.407181067000067, 6.446193932000028 ], [ 3.407360002000075, 6.447342626000022 ], [ 3.407702106000045, 6.449363573000028 ], [ 3.408119562000024, 6.451667390000068 ], [ 3.408511743000076, 6.453773277000039 ], [ 3.408489497000062, 6.454677046000029 ], [ 3.408199225000033, 6.455535077000036 ], [ 3.407908811000027, 6.456216952000034 ], [ 3.407136211000022, 6.457144299000049 ], [ 3.40634807400005, 6.457795936000025 ], [ 3.405682171000024, 6.458102823000047 ], [ 3.404840104000073, 6.458340919000022 ], [ 3.404112774000055, 6.458433404000061 ], [ 3.404090022000048, 6.458709143000021 ], [ 3.403998304000027, 6.458916007000028 ], [ 3.40397559400003, 6.459245358000032 ], [ 3.403876443000058, 6.459735607000027 ], [ 3.403823482000064, 6.46053983500002 ], [ 3.403747278000026, 6.460999430000072 ], [ 3.403747557000031, 6.461351740000055 ], [ 3.40407698100006, 6.461573587000032 ], [ 3.405064742000036, 6.461595779000049 ], [ 3.405149078000022, 6.461733572000071 ], [ 3.405317482000044, 6.461672167000074 ], [ 3.405371, 6.461572559000047 ], [ 3.405577768000057, 6.461610688000064 ], [ 3.405677387000026, 6.461710175000064 ], [ 3.405807469000024, 6.461602846000062 ], [ 3.405952944000035, 6.461595071000033 ], [ 3.406075589000068, 6.461763470000051 ], [ 3.406198210000071, 6.461901232000059 ], [ 3.406198314000051, 6.462031434000039 ], [ 3.406405052000025, 6.462031269000022 ], [ 3.406496806000064, 6.461870358000056 ], [ 3.406718729000033, 6.461709344000042 ], [ 3.406756909000023, 6.461579111000049 ], [ 3.407476677000034, 6.461601512000072 ], [ 3.407614576000071, 6.461693309000054 ], [ 3.408625289000042, 6.461692499000037 ], [ 3.408931523000035, 6.461638640000047 ], [ 3.409092239000074, 6.461538945000029 ], [ 3.409314393000045, 6.461668969000073 ], [ 3.409482939000043, 6.46178371600007 ], [ 3.409735684000054, 6.461867760000075 ], [ 3.409820139000033, 6.46215107300003 ], [ 3.410004010000023, 6.462281125000061 ], [ 3.410141600000031, 6.461989976000041 ], [ 3.410172042000056, 6.46176018500006 ], [ 3.410386522000067, 6.461867236000046 ], [ 3.410401991000072, 6.462058696000042 ], [ 3.410562934000041, 6.462242381000067 ], [ 3.410846191000076, 6.462180880000062 ], [ 3.410861295000075, 6.461920466000038 ], [ 3.410899419000032, 6.461721303000047 ], [ 3.411075435000043, 6.461606278000033 ], [ 3.411366435000048, 6.461651996000057 ], [ 3.411305334000076, 6.461843518000023 ], [ 3.411864475000073, 6.462072833000036 ], [ 3.412615127000038, 6.462409217000072 ], [ 3.413021105000041, 6.462608019000072 ], [ 3.413404189000062, 6.462898747000054 ], [ 3.413281839000035, 6.463097977000075 ], [ 3.413504058000058, 6.463304587000039 ], [ 3.413749186000075, 6.463434590000077 ], [ 3.413902200000052, 6.463281287000029 ], [ 3.41410908000006, 6.463457274000064 ], [ 3.414185774000032, 6.463610389000053 ], [ 3.414415440000028, 6.463556589000063 ], [ 3.414514942000039, 6.463510555000028 ], [ 3.414897895000024, 6.463640444000021 ], [ 3.41541860500007, 6.463685973000054 ], [ 3.415510320000067, 6.463479108000058 ], [ 3.415793658000041, 6.463517171000035 ], [ 3.416253074000053, 6.463516795000032 ], [ 3.41664369700004, 6.463661994000063 ], [ 3.416919610000036, 6.463983443000075 ], [ 3.417402293000066, 6.464343015000054 ], [ 3.417601411000021, 6.464388805000056 ], [ 3.417754689000049, 6.464557175000039 ], [ 3.418413483000052, 6.464916602000073 ], [ 3.418834987000025, 6.465368129000069 ], [ 3.419447835000028, 6.465719934000049 ], [ 3.41994552500006, 6.465704206000055 ], [ 3.420206122000025, 6.46601800600007 ], [ 3.420444527000029, 6.466347953000025 ], [ 3.420467893000023, 6.46642593200005 ], [ 3.420615870000063, 6.466814654000075 ], [ 3.420639059000052, 6.467078867000055 ], [ 3.421397643000034, 6.467733075000069 ], [ 3.422110011000029, 6.468054158000029 ], [ 3.422661181000024, 6.467892863000031 ], [ 3.423005622000062, 6.467743228000074 ], [ 3.423407777000023, 6.467938195000045 ], [ 3.425888240000063, 6.467453614000021 ], [ 3.425865500000043, 6.467729353000038 ], [ 3.426290453000036, 6.467717508000021 ], [ 3.426577678000058, 6.467820662000065 ], [ 3.427312527000026, 6.467555814000036 ], [ 3.427277840000045, 6.467280123000023 ], [ 3.428161524000075, 6.466452219000075 ], [ 3.429113917000052, 6.465383002000067 ], [ 3.43039957600007, 6.464543268000057 ], [ 3.431410400000061, 6.464668783000036 ], [ 3.432226068000034, 6.46490934600007 ], [ 3.434947493000038, 6.464183262000063 ], [ 3.435544331000074, 6.463711730000057 ], [ 3.436095629000022, 6.463711258000046 ], [ 3.436187975000053, 6.464251130000036 ], [ 3.436786093000023, 6.465273078000052 ], [ 3.438392369000042, 6.463318682000022 ], [ 3.439277437000044, 6.464122100000054 ], [ 3.440001920000043, 6.465166912000029 ], [ 3.440519241000061, 6.465717903000041 ], [ 3.441644622000069, 6.46549864900004 ], [ 3.442034987000056, 6.465337473000034 ], [ 3.442368164000072, 6.465452067000058 ], [ 3.444285816000047, 6.464979375000041 ], [ 3.444618461000061, 6.464485087000071 ], [ 3.444675577000055, 6.464128899000059 ], [ 3.446225942000069, 6.46394372900005 ], [ 3.446180343000037, 6.464334372000053 ], [ 3.445813042000054, 6.464598924000029 ], [ 3.445457136000073, 6.464760073000036 ], [ 3.444515826000043, 6.465323823000062 ], [ 3.443964926000035, 6.46578383700006 ], [ 3.44370118300003, 6.466266576000066 ], [ 3.44427584500005, 6.466714118000027 ], [ 3.444218809000063, 6.467162212000062 ], [ 3.444265002000066, 6.467449380000062 ], [ 3.444518124000069, 6.467954644000031 ], [ 3.444771266000032, 6.468482885000071 ], [ 3.445299909000028, 6.468838560000052 ], [ 3.445713346000048, 6.468792244000042 ], [ 3.445897215000059, 6.468906966000077 ], [ 3.446149835000028, 6.468837815000029 ], [ 3.447435937000023, 6.468526500000053 ], [ 3.448561280000035, 6.468261277000067 ], [ 3.449548604000029, 6.467777897000076 ], [ 3.450846328000068, 6.467627400000026 ], [ 3.452856015000066, 6.467326918000026 ], [ 3.455393783000034, 6.466750238000031 ], [ 3.457299981000062, 6.466323461000059 ], [ 3.458390773000076, 6.465966342000058 ], [ 3.459022367000046, 6.46585089000007 ], [ 3.45935518400006, 6.465563383000074 ], [ 3.460239424000065, 6.465413235000028 ], [ 3.460353997000027, 6.465102947000048 ], [ 3.460790296000027, 6.464941717000045 ], [ 3.461042443000053, 6.464355586000067 ], [ 3.461547195000037, 6.46368880700004 ], [ 3.461501035000026, 6.463447596000037 ], [ 3.461833630000058, 6.46291883300006 ], [ 3.46268228100007, 6.461527980000028 ], [ 3.462796873000059, 6.461240669000063 ], [ 3.463256441000055, 6.461412574000065 ], [ 3.46590812300002, 6.461007912000071 ], [ 3.469376294000028, 6.460591148000049 ], [ 3.471536254000057, 6.461378013000058 ], [ 3.473817496000038, 6.460839776000057 ], [ 3.475647036000055, 6.460363221000023 ], [ 3.477817045000052, 6.463692784000045 ], [ 3.478621399000076, 6.464097947000027 ], [ 3.479119479000076, 6.464503396000055 ], [ 3.479127524000035, 6.464916966000033 ], [ 3.479587890000062, 6.465927498000042 ], [ 3.480753593000031, 6.46788705900002 ], [ 3.482677570000021, 6.470083321000061 ], [ 3.486893508000037, 6.46689322900005 ], [ 3.486617508000052, 6.466525869000066 ], [ 3.486371916000053, 6.465928715000075 ], [ 3.485881136000046, 6.46515564300006 ], [ 3.483151263000025, 6.460922909000033 ], [ 3.479509236000069, 6.46371416900007 ], [ 3.478230192000069, 6.463347748000047 ], [ 3.477801034000038, 6.46294989200004 ], [ 3.477279699000064, 6.462238109000054 ], [ 3.476842398000031, 6.461319458000048 ], [ 3.476344137000069, 6.460714877000044 ], [ 3.476274825000075, 6.460286046000022 ], [ 3.48200791000005, 6.45829701200006 ], [ 3.483506679000072, 6.45622770600005 ], [ 3.484845308000047, 6.454855502000044 ], [ 3.48475288000003, 6.454281178000031 ], [ 3.484675971000058, 6.453921286000025 ], [ 3.485258173000034, 6.45422708500007 ], [ 3.485748619000049, 6.45466317100005 ], [ 3.486162609000075, 6.455214213000033 ], [ 3.486171077000051, 6.456064334000075 ], [ 3.486103408000076, 6.457366401000058 ], [ 3.486333301000059, 6.457565310000064 ], [ 3.486493911000025, 6.457373686000039 ], [ 3.486639068000045, 6.457036559000073 ], [ 3.486967635000042, 6.456331633000048 ], [ 3.487640594000027, 6.455457882000076 ], [ 3.488596843000039, 6.454576201000066 ], [ 3.489805885000067, 6.453824475000033 ], [ 3.489422600000069, 6.453357655000048 ], [ 3.488924562000022, 6.452990509000074 ], [ 3.488396029000057, 6.452761251000027 ], [ 3.487890717000028, 6.452792371000044 ], [ 3.487538215000029, 6.45248635400003 ], [ 3.487453626000047, 6.452103494000028 ], [ 3.48753743900005, 6.451674519000051 ], [ 3.487835750000045, 6.451360222000062 ], [ 3.488226108000049, 6.451221989000032 ], [ 3.489098221000063, 6.450439953000057 ], [ 3.490245513000048, 6.449182803000042 ], [ 3.490643158000069, 6.448661620000053 ], [ 3.490780322000035, 6.44797985200006 ], [ 3.490634095000075, 6.447198792000052 ], [ 3.49115460500002, 6.447052773000053 ], [ 3.491904975000068, 6.447075027000039 ], [ 3.492816489000063, 6.447464747000026 ], [ 3.493391357000064, 6.448107533000041 ], [ 3.491968753000037, 6.449694284000032 ], [ 3.491802263000068, 6.451724033000062 ], [ 3.491750934000038, 6.454075343000056 ], [ 3.491858852000064, 6.454825803000062 ], [ 3.491637332000039, 6.455369794000035 ], [ 3.491783231000056, 6.455806206000034 ], [ 3.49178377000004, 6.456365300000073 ], [ 3.491975462000028, 6.456648491000067 ], [ 3.492488532000039, 6.456716925000023 ], [ 3.49343759900006, 6.456333065000024 ], [ 3.494164649000027, 6.455980055000055 ], [ 3.494853673000023, 6.455895139000063 ], [ 3.495159719000071, 6.455665077000049 ], [ 3.49530491400003, 6.45537390100003 ], [ 3.494967936000023, 6.455289981000021 ], [ 3.494485533000045, 6.455259814000044 ], [ 3.494523616000038, 6.455052989000023 ], [ 3.494730125000046, 6.454823024000063 ], [ 3.495166483000048, 6.454746012000044 ], [ 3.49564902100002, 6.454914037000037 ], [ 3.496078058000023, 6.455181677000041 ], [ 3.496667649000074, 6.455204080000044 ], [ 3.498114261000069, 6.454681868000023 ], [ 3.49819817100007, 6.454360115000043 ], [ 3.499439174000031, 6.454986923000035 ], [ 3.501797647000046, 6.455191394000053 ], [ 3.50273177400004, 6.455198132000021 ], [ 3.50310657600005, 6.45481482100007 ], [ 3.503535284000066, 6.454745468000056 ], [ 3.504468888000076, 6.454223746000025 ], [ 3.504629898000076, 6.454445693000025 ], [ 3.505281645000025, 6.455379421000032 ], [ 3.505932732000076, 6.45564683300006 ], [ 3.506814146000067, 6.456542038000066 ], [ 3.507403349000072, 6.456173828000033 ], [ 3.509051807000048, 6.457669863000035 ], [ 3.509252521000064, 6.459308646000068 ], [ 3.509394173000032, 6.463137906000043 ], [ 3.510038483000073, 6.464270763000059 ], [ 3.510299876000033, 6.465327416000036 ], [ 3.510285160000024, 6.46592481700003 ], [ 3.511404126000059, 6.466980607000039 ], [ 3.512799579000045, 6.468863266000028 ], [ 3.514483821000056, 6.468585849000021 ], [ 3.518067175000056, 6.468505622000066 ], [ 3.519260526000039, 6.467401539000036 ], [ 3.520882735000043, 6.466373602000033 ], [ 3.522076342000048, 6.465529912000022 ], [ 3.522366689000023, 6.464932228000066 ], [ 3.521829626000056, 6.46387586700007 ], [ 3.521216249000076, 6.463064664000058 ], [ 3.519974906000073, 6.462146880000034 ], [ 3.518627464000076, 6.462301430000025 ], [ 3.517831250000029, 6.462394146000065 ], [ 3.517570513000067, 6.461996154000076 ], [ 3.517600673000061, 6.46153659600003 ], [ 3.518626684000026, 6.461535552000043 ], [ 3.520908503000044, 6.461625127000048 ], [ 3.521506549000037, 6.462421028000051 ], [ 3.522579728000039, 6.463614699000061 ], [ 3.523086007000074, 6.464517915000044 ], [ 3.523668604000022, 6.465175971000065 ], [ 3.524892815000044, 6.464316926000038 ], [ 3.52561232000005, 6.464086419000068 ], [ 3.526331586000026, 6.463626149000049 ], [ 3.527142892000029, 6.463318958000059 ], [ 3.528152034000072, 6.461816790000057 ], [ 3.53115226500006, 6.460634217000063 ], [ 3.534046169000021, 6.460294203000046 ], [ 3.53300549100004, 6.460907995000071 ], [ 3.532118010000033, 6.461582896000039 ], [ 3.531690014000048, 6.462333903000058 ], [ 3.531278721000035, 6.46441752000004 ], [ 3.531463412000051, 6.46530574600007 ], [ 3.533808686000043, 6.467478381000035 ], [ 3.534575001000064, 6.468074960000024 ], [ 3.538297797000041, 6.469541516000049 ], [ 3.543427439000027, 6.46909185100003 ], [ 3.550563630000056, 6.469068855000046 ], [ 3.550915349000036, 6.468608948000053 ], [ 3.55158804000007, 6.46707840800002 ], [ 3.55259944200003, 6.467720646000032 ], [ 3.553610979000041, 6.468485420000036 ], [ 3.558546418000049, 6.472508520000076 ], [ 3.562393559000043, 6.475552453000034 ], [ 3.565489831000036, 6.478122348000056 ], [ 3.566731853000022, 6.479545486000063 ], [ 3.571040431000029, 6.484289065000041 ], [ 3.574950198000067, 6.488919636000048 ], [ 3.576668916000074, 6.492011802000036 ], [ 3.579506365000043, 6.49576133100004 ], [ 3.579755307000028, 6.499176828000031 ], [ 3.57883871000007, 6.501169141000048 ], [ 3.577782297000056, 6.501430744000061 ], [ 3.574262117000046, 6.503364747000035 ], [ 3.574341352000033, 6.505708223000056 ], [ 3.573027683000021, 6.508711928000025 ], [ 3.572755504000042, 6.511791038000069 ], [ 3.578346764000059, 6.512918155000023 ], [ 3.58692504000004, 6.514531901000055 ], [ 3.591121801000043, 6.514909940000052 ], [ 3.595931257000075, 6.515363806000039 ], [ 3.601170394000064, 6.516537030000052 ], [ 3.603712415000075, 6.516304235000064 ], [ 3.606744495000044, 6.516055524000024 ], [ 3.616190594000045, 6.513378871000043 ], [ 3.624027215000069, 6.508602287000031 ], [ 3.626957527000059, 6.50531621600004 ], [ 3.628994, 6.498905955000055 ], [ 3.628977640000073, 6.498063526000067 ], [ 3.628455030000055, 6.496517130000029 ], [ 3.627152077000062, 6.495523123000055 ], [ 3.625359431000049, 6.494820745000027 ], [ 3.621881577000067, 6.493599644000028 ], [ 3.619858648000047, 6.492422691000058 ], [ 3.619122385000026, 6.491458601000033 ], [ 3.61886058400006, 6.490264172000025 ], [ 3.618966363000027, 6.489099927000041 ], [ 3.618968568000071, 6.488604039000052 ], [ 3.620209663000026, 6.488227314000028 ], [ 3.621524665000038, 6.487419734000071 ], [ 3.624985819000074, 6.486720353000067 ], [ 3.630620326000042, 6.485855609000055 ], [ 3.632104190000064, 6.484960175000026 ], [ 3.639943677000076, 6.480210635000049 ], [ 3.642959592000068, 6.482231419000072 ], [ 3.644360557000027, 6.48504418300007 ], [ 3.644937484000025, 6.487130423000053 ], [ 3.646528509000063, 6.48885158500002 ], [ 3.64846342900006, 6.490036198000041 ], [ 3.651528979000034, 6.492157529000053 ], [ 3.654317411000022, 6.493403398000055 ], [ 3.656900809000035, 6.492729927000028 ], [ 3.659054860000026, 6.49311005800007 ], [ 3.661439734000055, 6.492463228000076 ], [ 3.664185690000068, 6.492686878000029 ], [ 3.665477003000035, 6.492141580000066 ], [ 3.667007244000047, 6.491511750000029 ], [ 3.67002971200003, 6.488725090000059 ], [ 3.673441593000064, 6.482332138000061 ], [ 3.673803575000022, 6.47815007500003 ], [ 3.673445859000026, 6.47399960100006 ], [ 3.66565520100005, 6.467893252000067 ], [ 3.652456427000061, 6.454886981000072 ], [ 3.649282491000065, 6.450851368000031 ], [ 3.645602884000027, 6.44729478000005 ], [ 3.642478943000071, 6.444158685000048 ], [ 3.630498592000038, 6.430177440000023 ], [ 3.62898014600006, 6.425009716000034 ], [ 3.628235537740436, 6.421851465267137 ], [ 3.627821542664667, 6.421898283679583 ], [ 3.616250207000064, 6.421730187000037 ], [ 3.603024216000051, 6.421650199000055 ], [ 3.596229434000065, 6.421658155000046 ], [ 3.588764469000068, 6.421437031000039 ], [ 3.57609345000003, 6.421317415000033 ], [ 3.570906255000068, 6.421170048000022 ], [ 3.563039264000054, 6.420891555000026 ], [ 3.560014882000075, 6.420703402000072 ], [ 3.550320232000047, 6.420551458000034 ], [ 3.543444686000043, 6.420252448000042 ], [ 3.524089287000038, 6.419659915000068 ], [ 3.519921229000033, 6.41948207400003 ], [ 3.517107501000055, 6.419398761000025 ], [ 3.508743179000021, 6.419455004000042 ], [ 3.50221126200006, 6.419545440000036 ], [ 3.497473975000048, 6.419530916000042 ], [ 3.496650916000021, 6.419512568000073 ], [ 3.491797653000049, 6.418320556000026 ], [ 3.484802420000051, 6.418968652000046 ], [ 3.481826360000071, 6.419277814000054 ], [ 3.477336454000067, 6.417721526000037 ], [ 3.471297342000071, 6.417411188000074 ], [ 3.467794529000059, 6.417299515000025 ], [ 3.460916052000073, 6.42012038200005 ], [ 3.457968115000028, 6.419807098000035 ], [ 3.457243597000058, 6.419728772000042 ], [ 3.453406251000047, 6.419288332000065 ], [ 3.448639764000063, 6.418746833000057 ], [ 3.446652940000035, 6.41871410400006 ], [ 3.44294921900007, 6.418700087000047 ], [ 3.43995174600002, 6.418639484000039 ], [ 3.439504215000056, 6.41905919200002 ], [ 3.437392742000043, 6.420996785000057 ], [ 3.434694687000047, 6.421923894000031 ], [ 3.433965619000048, 6.42215427900004 ], [ 3.433586724000065, 6.422263740000062 ], [ 3.430424059000075, 6.423817335000024 ], [ 3.430112604000044, 6.422180506000075 ], [ 3.428616807000026, 6.421712876000072 ], [ 3.426654298000074, 6.421015640000064 ], [ 3.423960773000033, 6.420244378000064 ], [ 3.421640440000033, 6.419664217000047 ], [ 3.418676909000055, 6.41899266300004 ], [ 3.415973705000056, 6.418328540000061 ], [ 3.413224464000052, 6.417534237000041 ], [ 3.412285704000055, 6.417237808000039 ], [ 3.410183533000065, 6.416576998000039 ], [ 3.40875144000006, 6.41610711900006 ], [ 3.40758291800006, 6.414917087000049 ], [ 3.405199897000045, 6.412468119000039 ], [ 3.404617598000073, 6.411924796000051 ], [ 3.403799954000021, 6.409049512000024 ], [ 3.402744379000069, 6.405408520000037 ], [ 3.401935286000025, 6.402505922000046 ], [ 3.401715578000051, 6.401717720000022 ], [ 3.40172633800006, 6.400790982000046 ] ] ] ] } },
{ "type": "Feature", "properties": { "id": 28708, "name": "Ibeju Lekki", "code": "25009", "timestamp": "2019-08-09T11:24:19Z", "state_code": "LA" }, "geometry": { "type": "MultiPolygon", "coordinates": [ [ [ [ 4.212108612000065, 6.415846002000023 ], [ 4.215432898000074, 6.410276873000043 ], [ 4.224405832000059, 6.401353804000053 ], [ 4.23052171300003, 6.398132659000055 ], [ 4.242919765000067, 6.396607741000025 ], [ 4.255723533000037, 6.394099461000053 ], [ 4.256007881000073, 6.392998028000022 ], [ 4.261312491000069, 6.390735714000073 ], [ 4.274209487000064, 6.382855238000047 ], [ 4.278975245000026, 6.378159915000026 ], [ 4.273194852000074, 6.378789823000034 ], [ 4.266689083000074, 6.378853712000023 ], [ 4.259274965000031, 6.37915902900005 ], [ 4.252149123000038, 6.379989982000041 ], [ 4.19786984700005, 6.387537200000054 ], [ 4.19220073200006, 6.388067498000055 ], [ 4.186358854000048, 6.389045844000066 ], [ 4.153041217000066, 6.395979202000035 ], [ 4.151136076000057, 6.39636252300005 ], [ 4.147463360000074, 6.397036947000061 ], [ 4.137029946000041, 6.398714184000028 ], [ 4.131314339000028, 6.399829502000046 ], [ 4.126046497000061, 6.400943779000045 ], [ 4.12181973600002, 6.401341415000047 ], [ 4.119810367000071, 6.401345800000058 ], [ 4.114790884000058, 6.403175421000071 ], [ 4.102308822000055, 6.405451825000057 ], [ 4.091356971000039, 6.407437525000034 ], [ 4.084564347000025, 6.407978398000068 ], [ 4.077010615000063, 6.410626673000024 ], [ 4.068160716000023, 6.411219515000028 ], [ 4.059839528000055, 6.413007652000033 ], [ 4.057448403000024, 6.413539065000066 ], [ 4.053574490000074, 6.414264963000051 ], [ 4.048360523000042, 6.414802130000055 ], [ 4.036115203000065, 6.416262882000069 ], [ 4.024539790000063, 6.417817737000064 ], [ 4.011290240000051, 6.419662821000031 ], [ 4.004498418000026, 6.420824879000065 ], [ 3.995602260000055, 6.422469572000068 ], [ 3.990089015000024, 6.423399030000041 ], [ 3.975510058000054, 6.425839296000049 ], [ 3.969616798000061, 6.426616300000035 ], [ 3.955112835000023, 6.42836664500004 ], [ 3.949525490000042, 6.429027983000026 ], [ 3.944886502000031, 6.429292678000024 ], [ 3.941083162000041, 6.429586870000037 ], [ 3.924530190000041, 6.430885438000075 ], [ 3.914651443000025, 6.431932268000025 ], [ 3.909006262000048, 6.432444903000032 ], [ 3.896424394000064, 6.433735507000051 ], [ 3.884441326000058, 6.43404319800004 ], [ 3.872885943000028, 6.434110927000063 ], [ 3.871905083000058, 6.434136534000061 ], [ 3.860232532000055, 6.435687966000046 ], [ 3.853445159000046, 6.435367791000033 ], [ 3.853438641000025, 6.435251828000048 ], [ 3.84568734800007, 6.435432240000068 ], [ 3.834801430000027, 6.435330479000072 ], [ 3.830686381000021, 6.435337185000037 ], [ 3.820686143000046, 6.435544802000038 ], [ 3.812958429000048, 6.435557155000026 ], [ 3.80544560800007, 6.435305796000023 ], [ 3.796616092000022, 6.434529866000048 ], [ 3.789987969000038, 6.433941843000071 ], [ 3.780631754000069, 6.432927119000055 ], [ 3.767308901000035, 6.431199542000058 ], [ 3.760512695000045, 6.430180591000067 ], [ 3.750916908000022, 6.42890240600002 ], [ 3.737468622000051, 6.427198812000029 ], [ 3.733064679000051, 6.426864497000054 ], [ 3.721915403000025, 6.425333330000058 ], [ 3.714778377000073, 6.424148617000071 ], [ 3.69759778100007, 6.423728122000057 ], [ 3.687828191000051, 6.423327779000033 ], [ 3.679666091000058, 6.422725994000075 ], [ 3.672300240000027, 6.422138349000022 ], [ 3.662209592000067, 6.422120864000021 ], [ 3.640267177000055, 6.42194964600003 ], [ 3.628235537740436, 6.421851465267137 ], [ 3.62898014600006, 6.425009716000034 ], [ 3.630498592000038, 6.430177440000023 ], [ 3.642478943000071, 6.444158685000048 ], [ 3.645602884000027, 6.44729478000005 ], [ 3.649282491000065, 6.450851368000031 ], [ 3.652456427000061, 6.454886981000072 ], [ 3.66565520100005, 6.467893252000067 ], [ 3.673445859000026, 6.47399960100006 ], [ 3.673803575000022, 6.47815007500003 ], [ 3.673441593000064, 6.482332138000061 ], [ 3.67002971200003, 6.488725090000059 ], [ 3.667007244000047, 6.491511750000029 ], [ 3.672470391000047, 6.49023433900004 ], [ 3.682139081000059, 6.487454069000023 ], [ 3.721157110000036, 6.494976934000022 ], [ 3.788279634000048, 6.500125450000041 ], [ 3.80447792800004, 6.504467350000027 ], [ 3.822334187000024, 6.508076325000047 ], [ 3.846796663000021, 6.512774480000076 ], [ 3.849619552000036, 6.512386826000068 ], [ 3.866354436000051, 6.511528051000028 ], [ 3.863384514000074, 6.521067634000076 ], [ 3.860952527000052, 6.526183662000051 ], [ 3.855022649000034, 6.534800822000022 ], [ 3.853351089000057, 6.536861812000041 ], [ 3.877311897000027, 6.537329877000047 ], [ 3.88447388000003, 6.537070417000052 ], [ 3.886425792000068, 6.536664927000061 ], [ 3.894947392000063, 6.532859054000028 ], [ 3.893304990000047, 6.52048521100005 ], [ 3.894674049000059, 6.515284803000043 ], [ 3.895259123000073, 6.503422321000073 ], [ 3.903088874000048, 6.507300179000026 ], [ 3.910499710000067, 6.508866373000046 ], [ 3.916324738000071, 6.506788151000023 ], [ 3.920905220000066, 6.506335862000071 ], [ 3.929009077000046, 6.510025639000048 ], [ 3.940602312000067, 6.510456336000061 ], [ 3.948125195000046, 6.506542462000027 ], [ 3.948647832000063, 6.500383248000048 ], [ 3.951662265000039, 6.50114221900003 ], [ 3.952718190000041, 6.50077264600003 ], [ 3.956970071000057, 6.501667424000061 ], [ 3.959244515000023, 6.502276605000077 ], [ 3.960438603000057, 6.502090546000034 ], [ 3.96209527000002, 6.502570811000055 ], [ 3.964407313000038, 6.502428563000024 ], [ 3.966337224000029, 6.502654621000033 ], [ 3.967943887000047, 6.502008275000037 ], [ 3.969534213000031, 6.501868135000052 ], [ 3.970745153000053, 6.501451530000054 ], [ 3.971260651000023, 6.500761320000038 ], [ 3.972120749000055, 6.500099165000051 ], [ 3.973317389000044, 6.498299898000027 ], [ 3.974670495000055, 6.497165074000065 ], [ 3.97544339600006, 6.495957450000049 ], [ 3.977422690000026, 6.495005956000057 ], [ 3.979142792000061, 6.493652912000073 ], [ 3.982738062000067, 6.492498344000069 ], [ 3.988611780000042, 6.490619190000075 ], [ 3.993032563000043, 6.490208503000076 ], [ 3.999066208000045, 6.492350441000042 ], [ 4.001984679000032, 6.487233 ], [ 4.004134123000028, 6.480423392000034 ], [ 4.006668160000061, 6.477776576000053 ], [ 4.012113355000054, 6.472835961000044 ], [ 4.016780360000041, 6.471701386000063 ], [ 4.019863975000021, 6.472246119000033 ], [ 4.021948076000058, 6.471633586000053 ], [ 4.024985446000073, 6.468698323000069 ], [ 4.025843502000043, 6.467088435000051 ], [ 4.027315568000063, 6.465769764000072 ], [ 4.030089584000052, 6.465141950000032 ], [ 4.034589868000069, 6.466329359000042 ], [ 4.039048717000071, 6.466429851000044 ], [ 4.04104729900007, 6.465215365000063 ], [ 4.042944877000025, 6.46234406800005 ], [ 4.043288665000034, 6.461525431000041 ], [ 4.044768840000074, 6.459990824000045 ], [ 4.053748470000073, 6.452266623000071 ], [ 4.05637088800006, 6.447810083000036 ], [ 4.062165007000033, 6.443088188000047 ], [ 4.067355982000038, 6.438310682000065 ], [ 4.068354955000075, 6.435532641000066 ], [ 4.070568110000067, 6.434503473000063 ], [ 4.073201649000055, 6.435455173000037 ], [ 4.076685717000032, 6.438147516000072 ], [ 4.078070532000027, 6.436852345000034 ], [ 4.081275916000038, 6.436701988000038 ], [ 4.082617025000047, 6.43736920200007 ], [ 4.091651339000066, 6.433329660000027 ], [ 4.096096256000067, 6.431118549000075 ], [ 4.099293356000032, 6.427139239000041 ], [ 4.10265229700002, 6.425006688000053 ], [ 4.106271254000035, 6.423678229000075 ], [ 4.10906015200004, 6.423461302000021 ], [ 4.109953717000053, 6.422952348000024 ], [ 4.110770899000045, 6.423157666000066 ], [ 4.113654144000066, 6.423882073000073 ], [ 4.118154955000023, 6.425451657000053 ], [ 4.126345077000053, 6.429406106000044 ], [ 4.127664261000064, 6.429897663000077 ], [ 4.129649630000074, 6.430882487000076 ], [ 4.130833551000023, 6.431217352000033 ], [ 4.131952101000024, 6.430755418000047 ], [ 4.136138863000042, 6.431854575000045 ], [ 4.13670103100003, 6.43163508300006 ], [ 4.141826269000035, 6.43339257100007 ], [ 4.143866112000069, 6.433818206000069 ], [ 4.147211164000055, 6.431992028000025 ], [ 4.148322594000035, 6.431221559000051 ], [ 4.152685062000046, 6.428197355000066 ], [ 4.156579191000048, 6.423785457000065 ], [ 4.159612461000052, 6.421236280000073 ], [ 4.167825561000029, 6.420941943000059 ], [ 4.168689884000059, 6.420641327000055 ], [ 4.172327919000054, 6.42149065600006 ], [ 4.174953654000035, 6.421530583000049 ], [ 4.178651264000052, 6.421652263000055 ], [ 4.179532969000036, 6.422255177000068 ], [ 4.181377073000021, 6.421936967000022 ], [ 4.183210535000057, 6.422087606000048 ], [ 4.18460407300006, 6.422717745000057 ], [ 4.191306206000036, 6.424472987000058 ], [ 4.201780738000025, 6.425107337000043 ], [ 4.210020070000041, 6.419344846000058 ], [ 4.212108612000065, 6.415846002000023 ] ] ] ] } },
{ "type": "Feature", "properties": { "id": 28702, "name": "Ajeromi/Ifelodun", "code": "25002", "timestamp": "2019-08-09T11:24:17Z", "state_code": "LA" }, "geometry": { "type": "MultiPolygon", "coordinates": [ [ [ [ 3.350469065000027, 6.452777243000071 ], [ 3.351054741000041, 6.452673444000027 ], [ 3.351433751000059, 6.452667439000038 ], [ 3.351472556000033, 6.450645446000067 ], [ 3.351494311000067, 6.448881955000047 ], [ 3.35018877400006, 6.446010741000066 ], [ 3.349475691000066, 6.444540709000023 ], [ 3.349176600000021, 6.443840119000072 ], [ 3.349072634000038, 6.442961324000066 ], [ 3.349036903000069, 6.441094475000057 ], [ 3.349035385000036, 6.438871461000076 ], [ 3.349005849000037, 6.437665194000033 ], [ 3.349060266000038, 6.43719961100004 ], [ 3.34905982500004, 6.436973870000031 ], [ 3.348471503000042, 6.436729759000059 ], [ 3.347724835000065, 6.436510072000033 ], [ 3.345073758000069, 6.436540591000039 ], [ 3.34381062500006, 6.436847801000056 ], [ 3.341885320000074, 6.437582146000068 ], [ 3.34095463400007, 6.437880804000031 ], [ 3.339955563000046, 6.43805954100003 ], [ 3.339398395000046, 6.437835887000062 ], [ 3.338599011000042, 6.437887128000057 ], [ 3.337675749000027, 6.437980634000041 ], [ 3.33707965800005, 6.438062607000063 ], [ 3.337084693000065, 6.438099364000038 ], [ 3.33638462600004, 6.438881042000048 ], [ 3.335512244000029, 6.439605389000064 ], [ 3.334713585000031, 6.43998732600005 ], [ 3.33450188200004, 6.440088567000032 ], [ 3.332767932000024, 6.440526262000049 ], [ 3.33096497300005, 6.440814645000046 ], [ 3.32908259200002, 6.441132752000044 ], [ 3.327991626000028, 6.441305782000029 ], [ 3.326986799000053, 6.441481944000031 ], [ 3.326460447000045, 6.441554084000074 ], [ 3.326322656000059, 6.441600126000026 ], [ 3.326149157000032, 6.441549451000071 ], [ 3.326145346000033, 6.441583964000074 ], [ 3.325092642000072, 6.441728242000067 ], [ 3.324255404000041, 6.442063855000072 ], [ 3.322604777000038, 6.442615390000071 ], [ 3.321313340000074, 6.443621447000055 ], [ 3.320452574000058, 6.444603296000025 ], [ 3.319974538000054, 6.445417363000047 ], [ 3.319281528000033, 6.446829923000053 ], [ 3.31920141400002, 6.447219512000061 ], [ 3.319191929000056, 6.447265635000065 ], [ 3.318971414000032, 6.448337980000076 ], [ 3.31856831500005, 6.449742978000074 ], [ 3.31822435600003, 6.450700567000069 ], [ 3.317627757000025, 6.451719584000045 ], [ 3.316858994000029, 6.452926353000066 ], [ 3.316446022000036, 6.453730803000042 ], [ 3.316159951000031, 6.45429732100007 ], [ 3.316142025000033, 6.454332819000058 ], [ 3.315952758000037, 6.45470763000003 ], [ 3.315505790000032, 6.456258853000065 ], [ 3.315391711000075, 6.457511168000053 ], [ 3.315346206000072, 6.458215823000046 ], [ 3.315438620000066, 6.459073572000023 ], [ 3.315542674000028, 6.459682767000061 ], [ 3.31556157700004, 6.459793441000045 ], [ 3.316100569000071, 6.45983459200005 ], [ 3.317157326000029, 6.459987114000057 ], [ 3.318413271000054, 6.460308008000027 ], [ 3.319730665000066, 6.460935219000021 ], [ 3.321094197000036, 6.461868756000058 ], [ 3.323775392000073, 6.463827757000047 ], [ 3.325276815000052, 6.464837784000053 ], [ 3.327940339000065, 6.466703843000062 ], [ 3.328825153000025, 6.467358114000035 ], [ 3.330353425000055, 6.468414062000022 ], [ 3.333715508000068, 6.47081774000003 ], [ 3.333898717000068, 6.470967572000063 ], [ 3.33458052800006, 6.471464956000034 ], [ 3.337499278000053, 6.473546265000039 ], [ 3.338161888000059, 6.474044786000036 ], [ 3.338739721000024, 6.474479521000035 ], [ 3.338744015000032, 6.474482903000023 ], [ 3.338777773000061, 6.474598510000021 ], [ 3.339850850000062, 6.474097135000022 ], [ 3.340608853000049, 6.474012379000044 ], [ 3.341466414000024, 6.473950531000071 ], [ 3.341979284000047, 6.473712759000023 ], [ 3.342691039000044, 6.473176152000065 ], [ 3.343923239000048, 6.47228688000007 ], [ 3.344795654000052, 6.471551028000022 ], [ 3.345430961000034, 6.471205943000029 ], [ 3.345966865000037, 6.471067718000029 ], [ 3.346487513000056, 6.471013750000054 ], [ 3.347015927000029, 6.471120615000075 ], [ 3.347337646000028, 6.471296552000069 ], [ 3.347958108000057, 6.47164078000003 ], [ 3.348831430000075, 6.472237581000059 ], [ 3.349451968000039, 6.472689032000062 ], [ 3.350011087000041, 6.472903098000074 ], [ 3.350463365000053, 6.472901560000025 ], [ 3.350386745000037, 6.472832682000046 ], [ 3.35035603700004, 6.472717819000025 ], [ 3.350417121000021, 6.47246503100007 ], [ 3.350659695000047, 6.471411071000034 ], [ 3.350817015000075, 6.470530182000061 ], [ 3.350900034000063, 6.469469838000066 ], [ 3.350933227000041, 6.469024638000064 ], [ 3.35090819800007, 6.467430635000028 ], [ 3.352078143000028, 6.467214418000026 ], [ 3.352628338000045, 6.466989055000056 ], [ 3.353178471000035, 6.46667513500006 ], [ 3.353482275000033, 6.466552859000046 ], [ 3.354779176000022, 6.466537596000023 ], [ 3.35552390700002, 6.466604300000029 ], [ 3.355500825000036, 6.466446350000069 ], [ 3.355483226000047, 6.465915022000047 ], [ 3.355468206000069, 6.464967237000053 ], [ 3.355944203000035, 6.464033469000071 ], [ 3.356038161000072, 6.463821009000071 ], [ 3.356140373000073, 6.463533726000037 ], [ 3.356167547000041, 6.463142959000038 ], [ 3.35613472700004, 6.461867584000061 ], [ 3.356225880000068, 6.460822072000042 ], [ 3.356236835000061, 6.460063828000045 ], [ 3.356443154000033, 6.459466285000076 ], [ 3.356189728000061, 6.458398038000041 ], [ 3.356120174000068, 6.457479012000022 ], [ 3.356148276000056, 6.455160986000067 ], [ 3.35427803400006, 6.455089531000056 ], [ 3.353054830000076, 6.455061658000034 ], [ 3.352141649000032, 6.454918684000063 ], [ 3.351452460000075, 6.454815765000035 ], [ 3.351033642000061, 6.454849209000031 ], [ 3.351021701000036, 6.454729898000039 ], [ 3.350918112000045, 6.454408293000029 ], [ 3.350860073000035, 6.453517979000026 ], [ 3.350670447000027, 6.453345783000032 ], [ 3.350469065000027, 6.452777243000071 ] ] ] ] } },
{ "type": "Feature", "properties": { "id": 28706, "name": "Amuwo Odofin", "code": "25004", "timestamp": "2019-08-09T11:24:19Z", "state_code": "LA" }, "geometry": { "type": "MultiPolygon", "coordinates": [ [ [ [ 3.334713585000031, 6.43998732600005 ], [ 3.335512244000029, 6.439605389000064 ], [ 3.33638462600004, 6.438881042000048 ], [ 3.337084693000065, 6.438099364000038 ], [ 3.33707965800005, 6.438062607000063 ], [ 3.337050072000068, 6.437846641000021 ], [ 3.336820396000064, 6.437881258000061 ], [ 3.336498885000026, 6.437984866000022 ], [ 3.335901744000068, 6.438100144000032 ], [ 3.335625856000036, 6.437721205000059 ], [ 3.334879283000021, 6.437641276000022 ], [ 3.334649705000061, 6.437825242000031 ], [ 3.334546242000044, 6.437675960000036 ], [ 3.331973490000053, 6.437482334000038 ], [ 3.33172460000003, 6.437407103000055 ], [ 3.331882353000026, 6.434203631000059 ], [ 3.332050874000061, 6.429896301000042 ], [ 3.342527719000032, 6.427553618000047 ], [ 3.354275073000053, 6.424711587000047 ], [ 3.354455469000072, 6.424548690000051 ], [ 3.359591687000034, 6.397662152000066 ], [ 3.353132292000055, 6.398193185000025 ], [ 3.346649227000057, 6.399131037000075 ], [ 3.341290555000057, 6.399972326000068 ], [ 3.337271518000023, 6.400573338000072 ], [ 3.334998841000072, 6.400909906000038 ], [ 3.333874386000048, 6.400958507000041 ], [ 3.331840740000075, 6.40095982400004 ], [ 3.325857667000037, 6.401204913000072 ], [ 3.324142713000072, 6.401221316000033 ], [ 3.318967311000051, 6.401408371000059 ], [ 3.313837802000023, 6.401534075000029 ], [ 3.309106432000021, 6.401705442000036 ], [ 3.306111369000064, 6.401890512000023 ], [ 3.30418206500002, 6.40195293000005 ], [ 3.302237448000028, 6.402015350000056 ], [ 3.300553103000027, 6.402016339000056 ], [ 3.298685001000024, 6.402002110000069 ], [ 3.296104881000076, 6.401989307000065 ], [ 3.292238540000028, 6.40199152200006 ], [ 3.290247927000053, 6.401954355000044 ], [ 3.28762570400005, 6.401954235000062 ], [ 3.285127893000038, 6.401955627000063 ], [ 3.282300919000022, 6.402050246000044 ], [ 3.279965853000022, 6.402151091000064 ], [ 3.275938832000065, 6.40234883100004 ], [ 3.269010155000046, 6.402601425000057 ], [ 3.258195969000042, 6.402855894000027 ], [ 3.246750001000066, 6.402842374000045 ], [ 3.241165710000075, 6.402763740000069 ], [ 3.239726250000047, 6.40260552500007 ], [ 3.237796902000071, 6.40261791000006 ], [ 3.23587899100005, 6.402526886000032 ], [ 3.232801155000061, 6.402401916000031 ], [ 3.230240121000065, 6.402299673000073 ], [ 3.226840708000054, 6.402128857000037 ], [ 3.224153329000046, 6.401980685000069 ], [ 3.221546356000033, 6.40186693000004 ], [ 3.219146114000068, 6.401787540000043 ], [ 3.217067437000026, 6.401719491000051 ], [ 3.214713123000024, 6.401617083000076 ], [ 3.212887129000023, 6.401617843000054 ], [ 3.210062060000041, 6.401756869000053 ], [ 3.207926022000038, 6.401838158000032 ], [ 3.205755526000075, 6.401907964000031 ], [ 3.203619495000055, 6.402012213000035 ], [ 3.201732268000058, 6.402062741000066 ], [ 3.201675554000076, 6.403866475000029 ], [ 3.201665405000028, 6.407267106000063 ], [ 3.201619945000061, 6.40848491600002 ], [ 3.201598095000065, 6.411334098000054 ], [ 3.201543483000023, 6.41350916600004 ], [ 3.201542408000023, 6.413552005000042 ], [ 3.201545384000042, 6.413582056000052 ], [ 3.201641841000026, 6.413820476000069 ], [ 3.201763802000073, 6.414121934000036 ], [ 3.201821496000036, 6.41481122700003 ], [ 3.201660961000073, 6.415443164000067 ], [ 3.201270715000021, 6.416029236000043 ], [ 3.20126708500004, 6.416032772000051 ], [ 3.200845948000051, 6.416442992000043 ], [ 3.200845818000062, 6.416443222000055 ], [ 3.200398359000076, 6.417235881000067 ], [ 3.200015826000026, 6.417971300000033 ], [ 3.199327150000045, 6.419005543000026 ], [ 3.199250794000022, 6.419541707000064 ], [ 3.199247314000047, 6.420436862000031 ], [ 3.199190467000051, 6.421918914000059 ], [ 3.199202778000029, 6.424044300000048 ], [ 3.199421467000036, 6.425273495000056 ], [ 3.199651736000021, 6.426743945000055 ], [ 3.19970980100004, 6.428386792000026 ], [ 3.199653098000056, 6.43023647800004 ], [ 3.199435570000048, 6.431994318000022 ], [ 3.199860611000076, 6.432246901000042 ], [ 3.200492490000045, 6.432775129000049 ], [ 3.200768350000033, 6.433337962000053 ], [ 3.200963816000069, 6.43390082600007 ], [ 3.200987034000036, 6.434532690000026 ], [ 3.20251457400002, 6.434623996000028 ], [ 3.207487649000029, 6.434805818000029 ], [ 3.211622317000035, 6.434976452000058 ], [ 3.214057184000069, 6.435090324000043 ], [ 3.215825897000059, 6.43514702300007 ], [ 3.216216450000047, 6.435296209000057 ], [ 3.218134875000032, 6.436306389000038 ], [ 3.21976610300004, 6.437132867000059 ], [ 3.221006740000064, 6.437718250000046 ], [ 3.221581137000044, 6.438051170000051 ], [ 3.22234585700005, 6.43874246300004 ], [ 3.222954753000067, 6.439171104000025 ], [ 3.22359807700002, 6.439534628000047 ], [ 3.223988741000028, 6.439925068000036 ], [ 3.22459759700007, 6.440257970000062 ], [ 3.225505001000045, 6.440441387000021 ], [ 3.226148188000025, 6.440487057000041 ], [ 3.226437744000066, 6.440567348000059 ], [ 3.226885806000041, 6.440888829000073 ], [ 3.227077614000052, 6.441204527000025 ], [ 3.227081196000029, 6.44121042300003 ], [ 3.227316230000042, 6.442081075000033 ], [ 3.227325657000051, 6.442115996000041 ], [ 3.228549034000025, 6.442081047000045 ], [ 3.230180985000061, 6.442034421000074 ], [ 3.230185421000044, 6.442034295000042 ], [ 3.230239610000069, 6.443347796000069 ], [ 3.230188396000074, 6.44512744900004 ], [ 3.230187358000023, 6.446331018000024 ], [ 3.230115329000057, 6.447908813000026 ], [ 3.230320581000058, 6.450291461000063 ], [ 3.230323153000029, 6.450321318000022 ], [ 3.230751893000047, 6.451011924000056 ], [ 3.231085394000047, 6.451569001000053 ], [ 3.231234985000071, 6.452189315000055 ], [ 3.231205831000068, 6.452396622000037 ], [ 3.231298360000039, 6.453821162000054 ], [ 3.231329621000043, 6.455215093000049 ], [ 3.231437110000059, 6.455858404000026 ], [ 3.231284346000052, 6.456685650000054 ], [ 3.23101437400004, 6.458325545000037 ], [ 3.231009452000023, 6.458355445000052 ], [ 3.231007674000068, 6.458363059000021 ], [ 3.230859657000053, 6.458996958000057 ], [ 3.230841324000039, 6.459075471000062 ], [ 3.230856721000066, 6.459259281000072 ], [ 3.23089219700006, 6.459317772000077 ], [ 3.231163231000039, 6.45976463900007 ], [ 3.232082025000068, 6.459656994000056 ], [ 3.233751108000035, 6.45933455100004 ], [ 3.235680442000046, 6.458828165000057 ], [ 3.237870032000046, 6.458153152000023 ], [ 3.237870049000037, 6.458191606000071 ], [ 3.237870654000062, 6.459485824000069 ], [ 3.23778035700002, 6.46288647800003 ], [ 3.237797511000053, 6.466823213000055 ], [ 3.237767956000027, 6.469120937000071 ], [ 3.23775332200006, 6.470576160000064 ], [ 3.236804466000024, 6.47193991100005 ], [ 3.23600847900002, 6.472721503000059 ], [ 3.235288928000045, 6.473212015000058 ], [ 3.23481442800005, 6.473748367000042 ], [ 3.23470734700004, 6.474008823000077 ], [ 3.234432336000054, 6.475418212000022 ], [ 3.234004405000064, 6.477317850000077 ], [ 3.233668076000072, 6.478604722000057 ], [ 3.233738966000033, 6.47865194600007 ], [ 3.234357446000047, 6.479063946000053 ], [ 3.23567491600005, 6.479951784000036 ], [ 3.236486892000073, 6.480594765000035 ], [ 3.23720709600002, 6.48148287600003 ], [ 3.237212409000051, 6.481410683000036 ], [ 3.237298404000057, 6.480242071000021 ], [ 3.237308559000041, 6.480248594000045 ], [ 3.237727344000064, 6.480517595000038 ], [ 3.238202185000034, 6.480701189000058 ], [ 3.238661517000025, 6.480471203000036 ], [ 3.239136098000074, 6.480103346000021 ], [ 3.23964146000003, 6.480057153000075 ], [ 3.239645692000067, 6.480046322000021 ], [ 3.23977912600003, 6.479704773000037 ], [ 3.238936208000041, 6.478403135000065 ], [ 3.238890149000042, 6.478158068000027 ], [ 3.239027137000051, 6.476365791000035 ], [ 3.23921040700003, 6.47529344000003 ], [ 3.239470335000021, 6.474404870000058 ], [ 3.239481099000045, 6.474395825000045 ], [ 3.240327605000061, 6.473684516000048 ], [ 3.240336868000043, 6.473674885000037 ], [ 3.240725585000064, 6.473270740000032 ], [ 3.240726172000052, 6.473270572000047 ], [ 3.241154331000075, 6.473147992000065 ], [ 3.241422384000032, 6.473253177000061 ], [ 3.241424470000027, 6.473237996000023 ], [ 3.241460538000069, 6.472975519000045 ], [ 3.241594448000058, 6.472783979000042 ], [ 3.241598703000022, 6.472782821000067 ], [ 3.24247491400007, 6.472544215000028 ], [ 3.243460587000072, 6.472141645000022 ], [ 3.243996610000067, 6.472179683000036 ], [ 3.244101947000047, 6.472284944000023 ], [ 3.244178845000022, 6.472964646000037 ], [ 3.244408681000039, 6.473213454000074 ], [ 3.244887451000068, 6.473615322000057 ], [ 3.245270613000059, 6.474237434000031 ], [ 3.24512728000002, 6.474735340000052 ], [ 3.245194932000061, 6.476085210000065 ], [ 3.245578012000067, 6.47653499300003 ], [ 3.246353580000061, 6.477089897000042 ], [ 3.247396921000075, 6.477165980000052 ], [ 3.247400997000057, 6.477153946000044 ], [ 3.247469883000065, 6.476972946000046 ], [ 3.247964634000027, 6.477145303000043 ], [ 3.250620728000058, 6.477096130000064 ], [ 3.253775561000054, 6.477168281000047 ], [ 3.258523171000036, 6.477365021000026 ], [ 3.262086441000065, 6.477531054000053 ], [ 3.262569290000044, 6.477564611000048 ], [ 3.264000829000054, 6.477664095000023 ], [ 3.266384236000022, 6.477816031000032 ], [ 3.268011467000065, 6.477930060000062 ], [ 3.269234293000068, 6.478031772000065 ], [ 3.27015319000003, 6.478077238000026 ], [ 3.271240785000032, 6.478566835000038 ], [ 3.271242465000057, 6.478552060000027 ], [ 3.271352591000039, 6.478674719000026 ], [ 3.271697284000027, 6.478889945000049 ], [ 3.272053949000053, 6.479117131000066 ], [ 3.272857609000027, 6.479643894000048 ], [ 3.273317261000045, 6.480041916000062 ], [ 3.27400676600007, 6.480684901000075 ], [ 3.274757340000065, 6.480975537000063 ], [ 3.275538553000047, 6.48128147400007 ], [ 3.277269526000055, 6.482046432000061 ], [ 3.278755536000062, 6.482934062000027 ], [ 3.279193935000023, 6.48325382400003 ], [ 3.279433333000043, 6.48344516700007 ], [ 3.279835555000034, 6.483827896000037 ], [ 3.280151585000056, 6.484124507000047 ], [ 3.280572967000069, 6.484535946000051 ], [ 3.281817592000039, 6.485080960000062 ], [ 3.282439908000072, 6.485358253000072 ], [ 3.282889881000074, 6.485539903000074 ], [ 3.283016914000029, 6.485419577000073 ], [ 3.28316219200002, 6.485652836000042 ], [ 3.283575810000059, 6.485867057000064 ], [ 3.284494989000052, 6.486387354000044 ], [ 3.287007835000054, 6.488545776000024 ], [ 3.288754547000053, 6.489984675000073 ], [ 3.289490056000034, 6.490673565000066 ], [ 3.290042233000065, 6.491590371000029 ], [ 3.29007286500007, 6.489364458000068 ], [ 3.29020666200006, 6.486213024000051 ], [ 3.290271024000049, 6.484354534000033 ], [ 3.290324364000071, 6.482814276000056 ], [ 3.292119328000069, 6.483291933000032 ], [ 3.299626259000036, 6.485226237000063 ], [ 3.301716399000043, 6.485759532000031 ], [ 3.30375814000007, 6.486310046000028 ], [ 3.309406249000062, 6.487608658000056 ], [ 3.31308866300003, 6.488391443000069 ], [ 3.315245759000049, 6.488811350000049 ], [ 3.315421298000047, 6.488902191000022 ], [ 3.316139588000055, 6.489555948000032 ], [ 3.316446854000048, 6.489831001000027 ], [ 3.316598420000048, 6.489850851000028 ], [ 3.317180676000021, 6.489806607000048 ], [ 3.317316301000062, 6.489846413000066 ], [ 3.317347587000029, 6.490449338000076 ], [ 3.317400367000062, 6.490664714000047 ], [ 3.31791306100007, 6.491626552000071 ], [ 3.318588755000064, 6.493028677000041 ], [ 3.319082482000056, 6.494263376000049 ], [ 3.319595265000032, 6.49535445600003 ], [ 3.320183984000039, 6.495430674000033 ], [ 3.320865175000051, 6.49560548200003 ], [ 3.321505119000051, 6.495769704000054 ], [ 3.321914200000037, 6.494160024000053 ], [ 3.322411291000037, 6.493144894000068 ], [ 3.322497688000055, 6.492964860000029 ], [ 3.322889248000024, 6.492148923000059 ], [ 3.323768803000064, 6.490501683000048 ], [ 3.324791825000034, 6.48869159700007 ], [ 3.325648382000054, 6.487021391000042 ], [ 3.326550758000053, 6.485167340000032 ], [ 3.327085736000072, 6.483558611000035 ], [ 3.327094028000033, 6.48351507700005 ], [ 3.32728415400004, 6.482516863000058 ], [ 3.327379288000031, 6.481628304000026 ], [ 3.32737968400005, 6.481626669000036 ], [ 3.327379682000071, 6.481622840000057 ], [ 3.32743638200003, 6.481092197000066 ], [ 3.327435080000043, 6.479074058000037 ], [ 3.327435078000065, 6.479070229000058 ], [ 3.327311841000039, 6.47795209800006 ], [ 3.326835772000038, 6.475899800000036 ], [ 3.326160926000057, 6.474322485000073 ], [ 3.325333028000045, 6.472883129000024 ], [ 3.324459311000055, 6.471627615000045 ], [ 3.32349380900007, 6.470525338000073 ], [ 3.322584961000075, 6.469402599000034 ], [ 3.318516269000042, 6.464985931000058 ], [ 3.31821517000003, 6.464599820000046 ], [ 3.317778374000056, 6.464048646000037 ], [ 3.317111747000069, 6.463302311000064 ], [ 3.316594405000046, 6.462509928000031 ], [ 3.316076915000053, 6.461476287000039 ], [ 3.315823842000043, 6.460844578000035 ], [ 3.315559164000035, 6.460017571000037 ], [ 3.315470669000035, 6.459796672000039 ], [ 3.315469131000043, 6.459792833000051 ], [ 3.31556157700004, 6.459793441000045 ], [ 3.315542674000028, 6.459682767000061 ], [ 3.315438620000066, 6.459073572000023 ], [ 3.315346206000072, 6.458215823000046 ], [ 3.315391711000075, 6.457511168000053 ], [ 3.315505790000032, 6.456258853000065 ], [ 3.315952758000037, 6.45470763000003 ], [ 3.316142025000033, 6.454332819000058 ], [ 3.316159951000031, 6.45429732100007 ], [ 3.316446022000036, 6.453730803000042 ], [ 3.316858994000029, 6.452926353000066 ], [ 3.317627757000025, 6.451719584000045 ], [ 3.31822435600003, 6.450700567000069 ], [ 3.31856831500005, 6.449742978000074 ], [ 3.318971414000032, 6.448337980000076 ], [ 3.319191929000056, 6.447265635000065 ], [ 3.31920141400002, 6.447219512000061 ], [ 3.319281528000033, 6.446829923000053 ], [ 3.319974538000054, 6.445417363000047 ], [ 3.320452574000058, 6.444603296000025 ], [ 3.321313340000074, 6.443621447000055 ], [ 3.322604777000038, 6.442615390000071 ], [ 3.324255404000041, 6.442063855000072 ], [ 3.325092642000072, 6.441728242000067 ], [ 3.326145346000033, 6.441583964000074 ], [ 3.326149157000032, 6.441549451000071 ], [ 3.326322656000059, 6.441600126000026 ], [ 3.326460447000045, 6.441554084000074 ], [ 3.326986799000053, 6.441481944000031 ], [ 3.327991626000028, 6.441305782000029 ], [ 3.32908259200002, 6.441132752000044 ], [ 3.33096497300005, 6.440814645000046 ], [ 3.332767932000024, 6.440526262000049 ], [ 3.33450188200004, 6.440088567000032 ], [ 3.334713585000031, 6.43998732600005 ] ] ] ] } },
{ "type": "Feature", "properties": { "id": 28704, "name": "Epe", "code": "25007", "timestamp": "2019-08-09T11:24:19Z", "state_code": "LA" }, "geometry": { "type": "MultiPolygon", "coordinates": [ [ [ [ 4.059561892000033, 6.624071663000052 ], [ 4.05755578000003, 6.62076081500004 ], [ 4.054730321000022, 6.622011112000052 ], [ 4.05467851100002, 6.620443737000073 ], [ 4.054489672000045, 6.61522457500007 ], [ 4.058370371000024, 6.608655527000053 ], [ 4.058602119000057, 6.596034366000026 ], [ 4.061196912000071, 6.585169589000031 ], [ 4.06297350400007, 6.583395550000034 ], [ 4.063121662000071, 6.583247606000043 ], [ 4.069678657000054, 6.576700037000023 ], [ 4.07022696000007, 6.576181758000075 ], [ 4.069640786000036, 6.572552574000042 ], [ 4.071729730000072, 6.571265102000041 ], [ 4.077395893000073, 6.571099783000022 ], [ 4.090486869000074, 6.569616473000053 ], [ 4.098761843000034, 6.571895690000076 ], [ 4.100973724000028, 6.567908835000026 ], [ 4.10133421200004, 6.55772332500004 ], [ 4.109519559000034, 6.55418276000006 ], [ 4.116797346000055, 6.555774724000059 ], [ 4.118802362000054, 6.562126097000032 ], [ 4.11966330100006, 6.56484914300006 ], [ 4.121270135000032, 6.569931367000038 ], [ 4.128171862000045, 6.574433853000073 ], [ 4.131782934000057, 6.579786019000039 ], [ 4.135845010000025, 6.581384900000046 ], [ 4.144423232000065, 6.582207664000066 ], [ 4.156231035000076, 6.58884254000003 ], [ 4.16329072000002, 6.595181877000073 ], [ 4.177784631000065, 6.604107106000072 ], [ 4.193155571000034, 6.595341056000052 ], [ 4.206331026000043, 6.597223713000062 ], [ 4.213609710000071, 6.598890673000028 ], [ 4.21666896000005, 6.597351742000058 ], [ 4.222408090000044, 6.595729662000053 ], [ 4.224011258000075, 6.593734820000066 ], [ 4.23589585700006, 6.578183963000072 ], [ 4.240955593000024, 6.571563357000059 ], [ 4.239324706000048, 6.562302050000028 ], [ 4.232702015000029, 6.546927139000047 ], [ 4.22564036600005, 6.539746501000025 ], [ 4.210754620000046, 6.531143793000069 ], [ 4.208619093000038, 6.529909638000049 ], [ 4.197897155000021, 6.528710062000073 ], [ 4.191611261000048, 6.525508837000075 ], [ 4.185247071000049, 6.521541957000068 ], [ 4.18172316600004, 6.520707903000073 ], [ 4.178116448000026, 6.517193893000069 ], [ 4.17351055000006, 6.511997518000044 ], [ 4.16760991600006, 6.509713936000026 ], [ 4.163622323000027, 6.506966423000051 ], [ 4.164152441000056, 6.50443821600004 ], [ 4.165389693000066, 6.502661696000075 ], [ 4.167891590000067, 6.499069324000061 ], [ 4.169319558000041, 6.487503162000053 ], [ 4.173446656000067, 6.484430619000022 ], [ 4.177504071000044, 6.484344640000074 ], [ 4.183013049000067, 6.48295347100003 ], [ 4.19578232300006, 6.476184967000052 ], [ 4.202134879000027, 6.475480799000024 ], [ 4.204882915000042, 6.472105015000068 ], [ 4.214147050000065, 6.472465833000058 ], [ 4.219355940000071, 6.473755115000074 ], [ 4.224790638000059, 6.473435746000064 ], [ 4.230750268000065, 6.468597203000058 ], [ 4.234937721000051, 6.459091929000067 ], [ 4.238376268000025, 6.456480079000073 ], [ 4.243810547000066, 6.456083971000055 ], [ 4.247559350000074, 6.455155924000053 ], [ 4.25068370300005, 6.449328705000028 ], [ 4.260086784000066, 6.444175170000051 ], [ 4.264146199000038, 6.445084003000034 ], [ 4.265924135000034, 6.452047709000055 ], [ 4.276268262000031, 6.455927102000032 ], [ 4.279864049000025, 6.455075785000076 ], [ 4.280392803000041, 6.455165319000059 ], [ 4.284765427000025, 6.455905740000048 ], [ 4.291334058000075, 6.450069662000033 ], [ 4.293936362000068, 6.449909920000039 ], [ 4.303115859000059, 6.447359676000076 ], [ 4.312220063000041, 6.445345478000036 ], [ 4.321038983000051, 6.451448404000075 ], [ 4.32837891500003, 6.44806021100004 ], [ 4.353724428000021, 6.451056360000052 ], [ 4.368629518000034, 6.438459141000067 ], [ 4.367156179000062, 6.407146073000035 ], [ 4.362509352000075, 6.386637690000043 ], [ 4.359663678975919, 6.367825532926277 ], [ 4.350837708000029, 6.370382299000028 ], [ 4.342169901000034, 6.371093366000025 ], [ 4.329501454000024, 6.372881432000042 ], [ 4.292899807000026, 6.376991055000076 ], [ 4.278975245000026, 6.378159915000026 ], [ 4.274209487000064, 6.382855238000047 ], [ 4.261312491000069, 6.390735714000073 ], [ 4.256007881000073, 6.392998028000022 ], [ 4.255723533000037, 6.394099461000053 ], [ 4.242919765000067, 6.396607741000025 ], [ 4.23052171300003, 6.398132659000055 ], [ 4.224405832000059, 6.401353804000053 ], [ 4.215432898000074, 6.410276873000043 ], [ 4.212108612000065, 6.415846002000023 ], [ 4.210020070000041, 6.419344846000058 ], [ 4.201780738000025, 6.425107337000043 ], [ 4.191306206000036, 6.424472987000058 ], [ 4.18460407300006, 6.422717745000057 ], [ 4.183210535000057, 6.422087606000048 ], [ 4.181377073000021, 6.421936967000022 ], [ 4.179532969000036, 6.422255177000068 ], [ 4.178651264000052, 6.421652263000055 ], [ 4.174953654000035, 6.421530583000049 ], [ 4.172327919000054, 6.42149065600006 ], [ 4.168689884000059, 6.420641327000055 ], [ 4.167825561000029, 6.420941943000059 ], [ 4.159612461000052, 6.421236280000073 ], [ 4.156579191000048, 6.423785457000065 ], [ 4.152685062000046, 6.428197355000066 ], [ 4.148322594000035, 6.431221559000051 ], [ 4.147211164000055, 6.431992028000025 ], [ 4.143866112000069, 6.433818206000069 ], [ 4.141826269000035, 6.43339257100007 ], [ 4.13670103100003, 6.43163508300006 ], [ 4.136138863000042, 6.431854575000045 ], [ 4.131952101000024, 6.430755418000047 ], [ 4.130833551000023, 6.431217352000033 ], [ 4.129649630000074, 6.430882487000076 ], [ 4.127664261000064, 6.429897663000077 ], [ 4.126345077000053, 6.429406106000044 ], [ 4.118154955000023, 6.425451657000053 ], [ 4.113654144000066, 6.423882073000073 ], [ 4.110770899000045, 6.423157666000066 ], [ 4.109953717000053, 6.422952348000024 ], [ 4.10906015200004, 6.423461302000021 ], [ 4.106271254000035, 6.423678229000075 ], [ 4.10265229700002, 6.425006688000053 ], [ 4.099293356000032, 6.427139239000041 ], [ 4.096096256000067, 6.431118549000075 ], [ 4.091651339000066, 6.433329660000027 ], [ 4.082617025000047, 6.43736920200007 ], [ 4.081275916000038, 6.436701988000038 ], [ 4.078070532000027, 6.436852345000034 ], [ 4.076685717000032, 6.438147516000072 ], [ 4.073201649000055, 6.435455173000037 ], [ 4.070568110000067, 6.434503473000063 ], [ 4.068354955000075, 6.435532641000066 ], [ 4.067355982000038, 6.438310682000065 ], [ 4.062165007000033, 6.443088188000047 ], [ 4.05637088800006, 6.447810083000036 ], [ 4.053748470000073, 6.452266623000071 ], [ 4.044768840000074, 6.459990824000045 ], [ 4.043288665000034, 6.461525431000041 ], [ 4.042944877000025, 6.46234406800005 ], [ 4.04104729900007, 6.465215365000063 ], [ 4.039048717000071, 6.466429851000044 ], [ 4.034589868000069, 6.466329359000042 ], [ 4.030089584000052, 6.465141950000032 ], [ 4.027315568000063, 6.465769764000072 ], [ 4.025843502000043, 6.467088435000051 ], [ 4.024985446000073, 6.468698323000069 ], [ 4.021948076000058, 6.471633586000053 ], [ 4.019863975000021, 6.472246119000033 ], [ 4.016780360000041, 6.471701386000063 ], [ 4.012113355000054, 6.472835961000044 ], [ 4.006668160000061, 6.477776576000053 ], [ 4.004134123000028, 6.480423392000034 ], [ 4.001984679000032, 6.487233 ], [ 3.999066208000045, 6.492350441000042 ], [ 3.993032563000043, 6.490208503000076 ], [ 3.988611780000042, 6.490619190000075 ], [ 3.982738062000067, 6.492498344000069 ], [ 3.979142792000061, 6.493652912000073 ], [ 3.977422690000026, 6.495005956000057 ], [ 3.97544339600006, 6.495957450000049 ], [ 3.974670495000055, 6.497165074000065 ], [ 3.973317389000044, 6.498299898000027 ], [ 3.972120749000055, 6.500099165000051 ], [ 3.971260651000023, 6.500761320000038 ], [ 3.970745153000053, 6.501451530000054 ], [ 3.969534213000031, 6.501868135000052 ], [ 3.967943887000047, 6.502008275000037 ], [ 3.966337224000029, 6.502654621000033 ], [ 3.964407313000038, 6.502428563000024 ], [ 3.96209527000002, 6.502570811000055 ], [ 3.960438603000057, 6.502090546000034 ], [ 3.959244515000023, 6.502276605000077 ], [ 3.956970071000057, 6.501667424000061 ], [ 3.952718190000041, 6.50077264600003 ], [ 3.951662265000039, 6.50114221900003 ], [ 3.948647832000063, 6.500383248000048 ], [ 3.948125195000046, 6.506542462000027 ], [ 3.940602312000067, 6.510456336000061 ], [ 3.929009077000046, 6.510025639000048 ], [ 3.920905220000066, 6.506335862000071 ], [ 3.916324738000071, 6.506788151000023 ], [ 3.910499710000067, 6.508866373000046 ], [ 3.903088874000048, 6.507300179000026 ], [ 3.895259123000073, 6.503422321000073 ], [ 3.894674049000059, 6.515284803000043 ], [ 3.893304990000047, 6.52048521100005 ], [ 3.894947392000063, 6.532859054000028 ], [ 3.886425792000068, 6.536664927000061 ], [ 3.88447388000003, 6.537070417000052 ], [ 3.877311897000027, 6.537329877000047 ], [ 3.853351089000057, 6.536861812000041 ], [ 3.855022649000034, 6.534800822000022 ], [ 3.860952527000052, 6.526183662000051 ], [ 3.863384514000074, 6.521067634000076 ], [ 3.866354436000051, 6.511528051000028 ], [ 3.849619552000036, 6.512386826000068 ], [ 3.846796663000021, 6.512774480000076 ], [ 3.822334187000024, 6.508076325000047 ], [ 3.80447792800004, 6.504467350000027 ], [ 3.788279634000048, 6.500125450000041 ], [ 3.721157110000036, 6.494976934000022 ], [ 3.682139081000059, 6.487454069000023 ], [ 3.672470391000047, 6.49023433900004 ], [ 3.667007244000047, 6.491511750000029 ], [ 3.665477003000035, 6.492141580000066 ], [ 3.664185690000068, 6.492686878000029 ], [ 3.661439734000055, 6.492463228000076 ], [ 3.659054860000026, 6.49311005800007 ], [ 3.656900809000035, 6.492729927000028 ], [ 3.654317411000022, 6.493403398000055 ], [ 3.651528979000034, 6.492157529000053 ], [ 3.64846342900006, 6.490036198000041 ], [ 3.646528509000063, 6.48885158500002 ], [ 3.644937484000025, 6.487130423000053 ], [ 3.644360557000027, 6.48504418300007 ], [ 3.642959592000068, 6.482231419000072 ], [ 3.639943677000076, 6.480210635000049 ], [ 3.632104190000064, 6.484960175000026 ], [ 3.630620326000042, 6.485855609000055 ], [ 3.624985819000074, 6.486720353000067 ], [ 3.621524665000038, 6.487419734000071 ], [ 3.620209663000026, 6.488227314000028 ], [ 3.618968568000071, 6.488604039000052 ], [ 3.618966363000027, 6.489099927000041 ], [ 3.61886058400006, 6.490264172000025 ], [ 3.619122385000026, 6.491458601000033 ], [ 3.619858648000047, 6.492422691000058 ], [ 3.621881577000067, 6.493599644000028 ], [ 3.625359431000049, 6.494820745000027 ], [ 3.627152077000062, 6.495523123000055 ], [ 3.628455030000055, 6.496517130000029 ], [ 3.628977640000073, 6.498063526000067 ], [ 3.628994, 6.498905955000055 ], [ 3.626957527000059, 6.50531621600004 ], [ 3.624027215000069, 6.508602287000031 ], [ 3.616190594000045, 6.513378871000043 ], [ 3.628981517000057, 6.524809461000075 ], [ 3.632924744000036, 6.539690969000048 ], [ 3.63407426200007, 6.540359650000028 ], [ 3.635467688000062, 6.544665861000055 ], [ 3.64179419200002, 6.551502700000071 ], [ 3.650365904000068, 6.554842303000044 ], [ 3.657166098000062, 6.557657544000051 ], [ 3.662293367000075, 6.562150210000027 ], [ 3.664199575000055, 6.565402216000052 ], [ 3.669534981000027, 6.572814702000073 ], [ 3.675378417000047, 6.575774537000029 ], [ 3.678879407000068, 6.580843580000021 ], [ 3.682566963000056, 6.582274533000032 ], [ 3.683959175000041, 6.585288176000063 ], [ 3.687502916000028, 6.586527821000061 ], [ 3.689902135000068, 6.590832430000034 ], [ 3.694787237000071, 6.592836012000021 ], [ 3.700702774000035, 6.597577138000077 ], [ 3.696959210000045, 6.606864488000042 ], [ 3.698649239000076, 6.607769652000059 ], [ 3.700604891000069, 6.609662381000021 ], [ 3.699859854000067, 6.610869642000068 ], [ 3.700022209000053, 6.611949261000063 ], [ 3.699907844000052, 6.612317030000042 ], [ 3.700138288000062, 6.612799191000022 ], [ 3.700047271000074, 6.61343114500005 ], [ 3.699691554000026, 6.613730326000052 ], [ 3.699301017000039, 6.613776826000048 ], [ 3.69935907200005, 6.614213279000069 ], [ 3.699485929000048, 6.614557733000026 ], [ 3.69940607500007, 6.614959917000022 ], [ 3.699464471000056, 6.615637611000068 ], [ 3.69969523900005, 6.616349526000022 ], [ 3.699581197000043, 6.616947049000032 ], [ 3.69948980700002, 6.617314785000076 ], [ 3.699593849000053, 6.61777414900007 ], [ 3.699697665000031, 6.618072684000026 ], [ 3.699709751000057, 6.618497713000068 ], [ 3.699457654000071, 6.61895757800005 ], [ 3.698954005000076, 6.620267889000047 ], [ 3.69857601800004, 6.621072561000062 ], [ 3.698185685000055, 6.621268402000055 ], [ 3.696958321000068, 6.622625679000066 ], [ 3.697097537000047, 6.623590454000066 ], [ 3.697190284000044, 6.624187686000027 ], [ 3.697076189000029, 6.624750746000075 ], [ 3.696812759000068, 6.625325503000056 ], [ 3.695871808000049, 6.626119477000032 ], [ 3.694770576000053, 6.627315744000043 ], [ 3.694104896000056, 6.627787673000057 ], [ 3.693163198000036, 6.62805320700005 ], [ 3.692610236000064, 6.626974131000054 ], [ 3.691842037000072, 6.628078026000026 ], [ 3.691612600000042, 6.628319588000068 ], [ 3.691027112000029, 6.628630573000066 ], [ 3.689981661000047, 6.628643515000022 ], [ 3.690087375000076, 6.630309093000051 ], [ 3.690836123000054, 6.631732533000047 ], [ 3.689461086000051, 6.634330679000072 ], [ 3.687282199000038, 6.637205643000073 ], [ 3.685847744000057, 6.638402357000075 ], [ 3.684090500000025, 6.638806858000066 ], [ 3.68376280800004, 6.64002004300005 ], [ 3.683955982000043, 6.641245139000034 ], [ 3.686495846000071, 6.65010634600003 ], [ 3.68734328000005, 6.653628080000033 ], [ 3.688361015000055, 6.655675314000064 ], [ 3.68960633100005, 6.656122740000058 ], [ 3.689952087000052, 6.657093917000054 ], [ 3.690790518000028, 6.657571401000041 ], [ 3.690962958000057, 6.661065348000022 ], [ 3.690606626000033, 6.663004403000059 ], [ 3.692505321000056, 6.668506284000046 ], [ 3.695045669000024, 6.670680594000032 ], [ 3.69708380700007, 6.673166724000055 ], [ 3.699150216000021, 6.678692261000037 ], [ 3.699014341000066, 6.684149117000061 ], [ 3.724774966000041, 6.684127197000066 ], [ 3.740453655000067, 6.684008136000045 ], [ 3.754265342000053, 6.683987169000034 ], [ 3.755180387000053, 6.683994056000074 ], [ 3.75724660100002, 6.682727251000074 ], [ 3.764619264000032, 6.682773295000061 ], [ 3.774634455000069, 6.68275764200007 ], [ 3.792520310000043, 6.682901492000042 ], [ 3.799835190000067, 6.682774790000053 ], [ 3.817146561000072, 6.682976114000041 ], [ 3.827308420000065, 6.682847994000042 ], [ 3.83817203600006, 6.68271102600005 ], [ 3.862319108000065, 6.682688476000067 ], [ 3.867316840000058, 6.682583972000032 ], [ 3.887843505000035, 6.681973030000051 ], [ 3.898260141000037, 6.681762688000049 ], [ 3.903000777000045, 6.681570656000076 ], [ 3.912122879000037, 6.68120114200002 ], [ 3.914000272000067, 6.681638 ], [ 3.93300285600003, 6.685335660000021 ], [ 3.941890888000046, 6.686888626000041 ], [ 3.958791735000034, 6.689341450000029 ], [ 3.967793826000047, 6.690424653000036 ], [ 3.968090018000055, 6.690465256000039 ], [ 3.978807413000027, 6.691934446000062 ], [ 3.981811652000033, 6.68439190600003 ], [ 3.982532115000026, 6.682713381000042 ], [ 3.989425281000024, 6.682573223000077 ], [ 3.993928764000032, 6.682460771000024 ], [ 4.000431134000053, 6.682252327000072 ], [ 4.002442878000068, 6.682198460000052 ], [ 4.022140409000031, 6.681583630000034 ], [ 4.040090366000072, 6.680899921000048 ], [ 4.047653356000069, 6.680668516000026 ], [ 4.063234023000064, 6.680204381000067 ], [ 4.073190354000076, 6.67994348600007 ], [ 4.085006976000045, 6.679777243000046 ], [ 4.091332317000024, 6.67968825500003 ], [ 4.096914880000043, 6.671539592000045 ], [ 4.093887719000065, 6.666377388000058 ], [ 4.094875587000047, 6.658550017000039 ], [ 4.095799494000062, 6.654264461000025 ], [ 4.096370125000021, 6.652564151000036 ], [ 4.095179373000065, 6.651615974000038 ], [ 4.095103428000073, 6.651555501000075 ], [ 4.090016646000038, 6.647504978000029 ], [ 4.093292661000021, 6.646229450000021 ], [ 4.088087175000055, 6.640760884000031 ], [ 4.083290749000071, 6.636248562000048 ], [ 4.079221023000059, 6.635707040000057 ], [ 4.076152676000049, 6.633416392000072 ], [ 4.070596941000076, 6.631849006000039 ], [ 4.066693306000047, 6.634893894000072 ], [ 4.064332484000033, 6.636146545000031 ], [ 4.062815835000038, 6.636449926000068 ], [ 4.058516631000032, 6.634483356000032 ], [ 4.062381102000074, 6.628588190000073 ], [ 4.059561892000033, 6.624071663000052 ] ] ] ] } },
{ "type": "Feature", "properties": { "id": 28478, "name": "Oshodi/Isolo", "code": "25016", "timestamp": "2019-08-09T11:24:17Z", "state_code": "LA" }, "geometry": { "type": "MultiPolygon", "coordinates": [ [ [ [ 3.32369667100005, 6.506103447000044 ], [ 3.322803699000076, 6.503265094000028 ], [ 3.322288649000029, 6.501563548000036 ], [ 3.321980369000073, 6.50054508900007 ], [ 3.321684604000041, 6.499555993000058 ], [ 3.321476508000046, 6.498447170000077 ], [ 3.32138016600004, 6.497465926000075 ], [ 3.321435242000064, 6.496269177000045 ], [ 3.321505119000051, 6.495769704000054 ], [ 3.320865175000051, 6.49560548200003 ], [ 3.320183984000039, 6.495430674000033 ], [ 3.319595265000032, 6.49535445600003 ], [ 3.319082482000056, 6.494263376000049 ], [ 3.318588755000064, 6.493028677000041 ], [ 3.31791306100007, 6.491626552000071 ], [ 3.317400367000062, 6.490664714000047 ], [ 3.317347587000029, 6.490449338000076 ], [ 3.317316301000062, 6.489846413000066 ], [ 3.317180676000021, 6.489806607000048 ], [ 3.316598420000048, 6.489850851000028 ], [ 3.316446854000048, 6.489831001000027 ], [ 3.316139588000055, 6.489555948000032 ], [ 3.315421298000047, 6.488902191000022 ], [ 3.315245759000049, 6.488811350000049 ], [ 3.31308866300003, 6.488391443000069 ], [ 3.309406249000062, 6.487608658000056 ], [ 3.30375814000007, 6.486310046000028 ], [ 3.301716399000043, 6.485759532000031 ], [ 3.299626259000036, 6.485226237000063 ], [ 3.292119328000069, 6.483291933000032 ], [ 3.290324364000071, 6.482814276000056 ], [ 3.290271024000049, 6.484354534000033 ], [ 3.29020666200006, 6.486213024000051 ], [ 3.29007286500007, 6.489364458000068 ], [ 3.290042233000065, 6.491590371000029 ], [ 3.290048135000063, 6.49194106300007 ], [ 3.290058724000062, 6.492570297000043 ], [ 3.290071021000074, 6.493300986000065 ], [ 3.290080513000021, 6.493865003000053 ], [ 3.290090495000072, 6.494458097000063 ], [ 3.290099875000067, 6.495015441000021 ], [ 3.29010829200007, 6.49551556800003 ], [ 3.290093564000074, 6.497653712000044 ], [ 3.290070575000072, 6.499297217000048 ], [ 3.290031231000057, 6.500238657000068 ], [ 3.29007933400004, 6.500661470000068 ], [ 3.290199725000036, 6.501953856000057 ], [ 3.290511695000021, 6.503485475000048 ], [ 3.290847180000071, 6.504291072000058 ], [ 3.291597839000076, 6.505758613000069 ], [ 3.291997031000051, 6.506372697000074 ], [ 3.292480813000054, 6.50684947000002 ], [ 3.292216431000043, 6.507178833000069 ], [ 3.291145168000071, 6.508596365000074 ], [ 3.287606195000023, 6.513385260000064 ], [ 3.285571783000023, 6.516237292000028 ], [ 3.285501967000073, 6.516335166000033 ], [ 3.284625815000027, 6.517526633000045 ], [ 3.28312607700002, 6.519671994000021 ], [ 3.281901789000074, 6.521418930000038 ], [ 3.281847894000066, 6.521450721000065 ], [ 3.282694731000049, 6.522021513000027 ], [ 3.284406901000068, 6.523123445000067 ], [ 3.286366057000066, 6.524242463000064 ], [ 3.287136317000034, 6.52535640800005 ], [ 3.287459289000026, 6.527699873000074 ], [ 3.287664592000056, 6.52916185600003 ], [ 3.288271089000034, 6.531803859000036 ], [ 3.288593566000031, 6.533266540000056 ], [ 3.28816738300003, 6.537931105000041 ], [ 3.288022531000024, 6.539072376000036 ], [ 3.28803842800005, 6.539167045000056 ], [ 3.288038441000026, 6.539190018000056 ], [ 3.288038497000059, 6.539288363000026 ], [ 3.288038730000039, 6.539695515000062 ], [ 3.288008882000042, 6.541066489000059 ], [ 3.28717498900005, 6.542560468000033 ], [ 3.286562888000049, 6.543541166000068 ], [ 3.285935804000076, 6.545111615000053 ], [ 3.285950498000034, 6.545196306000037 ], [ 3.286289246000024, 6.547148702000072 ], [ 3.286427658000036, 6.548136632000023 ], [ 3.286422935000076, 6.54822374500003 ], [ 3.286367029000075, 6.549254878000056 ], [ 3.28623716900006, 6.549837034000063 ], [ 3.286176103000059, 6.550189382000042 ], [ 3.286183712000025, 6.550267194000071 ], [ 3.286230026000055, 6.550740798000049 ], [ 3.286345290000042, 6.551422381000066 ], [ 3.28646605800003, 6.55193637800005 ], [ 3.286575600000049, 6.552402599000061 ], [ 3.28668295600005, 6.552756622000061 ], [ 3.286683026000048, 6.55287794000003 ], [ 3.28668331700004, 6.553388488000053 ], [ 3.286603199000069, 6.553905514000064 ], [ 3.286617286000023, 6.55393637100002 ], [ 3.286959762000038, 6.554686526000069 ], [ 3.287155472000052, 6.555421676000037 ], [ 3.287132689000032, 6.55545715300002 ], [ 3.286419384000055, 6.556567880000046 ], [ 3.286021442000049, 6.557088917000044 ], [ 3.285730812000054, 6.557778391000056 ], [ 3.285736179000025, 6.557887142000027 ], [ 3.285746308000057, 6.558092400000021 ], [ 3.285930409000059, 6.558613106000053 ], [ 3.286007269000038, 6.55909557800004 ], [ 3.286076304000062, 6.559287013000073 ], [ 3.286168302000021, 6.559455458000059 ], [ 3.286245010000073, 6.559669865000046 ], [ 3.286344745000065, 6.559976167000059 ], [ 3.286421405000056, 6.560106326000039 ], [ 3.286658980000027, 6.560389573000066 ], [ 3.286789359000068, 6.560711175000051 ], [ 3.286843157000021, 6.561040480000031 ], [ 3.286889227000074, 6.56124724600005 ], [ 3.286873304000039, 6.561296790000029 ], [ 3.286743973000057, 6.561699209000039 ], [ 3.28653741100004, 6.562082276000069 ], [ 3.286430472000063, 6.562572511000042 ], [ 3.286422988000027, 6.562878875000024 ], [ 3.286308478000024, 6.563522294000052 ], [ 3.286293471000022, 6.56406609000004 ], [ 3.286296467000057, 6.56408135700002 ], [ 3.286362599000029, 6.564418363000073 ], [ 3.286408695000034, 6.564671083000064 ], [ 3.286477885000068, 6.565130582000052 ], [ 3.286476117000063, 6.565239696000049 ], [ 3.28647048800002, 6.565587061000031 ], [ 3.286411307000037, 6.565890103000072 ], [ 3.286428726000054, 6.565922577000038 ], [ 3.286555059000023, 6.566158085000041 ], [ 3.286737109000057, 6.56643561900006 ], [ 3.286794669000074, 6.566646208000066 ], [ 3.286833089000027, 6.566866381000068 ], [ 3.286819856000022, 6.566911469000047 ], [ 3.286785315000031, 6.56702916200004 ], [ 3.286622652000062, 6.567172860000028 ], [ 3.286638104000076, 6.567280589000063 ], [ 3.286641875000043, 6.567306882000025 ], [ 3.286629169000037, 6.567339127000025 ], [ 3.286355093000054, 6.568034648000037 ], [ 3.286380853000026, 6.568090770000026 ], [ 3.28640309900004, 6.568139236000036 ], [ 3.286460530000056, 6.568264357000032 ], [ 3.286815077000028, 6.568848151000054 ], [ 3.287361085000043, 6.569422261000057 ], [ 3.287705993000031, 6.569891175000066 ], [ 3.287954465000041, 6.570316581000043 ], [ 3.288108470000054, 6.570580251000024 ], [ 3.288311044000068, 6.570451866000042 ], [ 3.28883494300004, 6.570482382000023 ], [ 3.288894670000047, 6.570485860000076 ], [ 3.288962053000034, 6.570489785000063 ], [ 3.289720403000047, 6.57073443400003 ], [ 3.290486501000032, 6.571132257000045 ], [ 3.29124491500005, 6.571484129000055 ], [ 3.291880750000075, 6.571767140000077 ], [ 3.292968521000034, 6.572172430000023 ], [ 3.293772845000035, 6.572447682000075 ], [ 3.29440097500003, 6.572646446000022 ], [ 3.29456843600002, 6.572630008000033 ], [ 3.294721756000058, 6.572673718000033 ], [ 3.294732086000067, 6.572205773000064 ], [ 3.295004899000048, 6.572157744000037 ], [ 3.295713341000067, 6.572181260000036 ], [ 3.29690045500007, 6.572209279000049 ], [ 3.297757254000032, 6.572180049000053 ], [ 3.298681037000051, 6.572102909000023 ], [ 3.299269779000042, 6.572069049000049 ], [ 3.299710182000069, 6.57211665400007 ], [ 3.300021296000068, 6.572082960000046 ], [ 3.300672160000033, 6.571876735000046 ], [ 3.301667535000036, 6.571454893000066 ], [ 3.302581482000051, 6.570946935000052 ], [ 3.302863808000041, 6.570803159000036 ], [ 3.30308388800006, 6.570625912000025 ], [ 3.303284742000073, 6.570319432000076 ], [ 3.303030768000042, 6.569855261000043 ], [ 3.303059450000035, 6.569793015000073 ], [ 3.303480511000032, 6.569519909000064 ], [ 3.303719747000059, 6.569361798000045 ], [ 3.304289001000029, 6.568772670000044 ], [ 3.304556896000065, 6.568514017000041 ], [ 3.30496841300004, 6.568293572000073 ], [ 3.305389593000029, 6.568221512000036 ], [ 3.305681555000035, 6.568183039000075 ], [ 3.305734348000044, 6.568412776000059 ], [ 3.305835043000059, 6.568699925000033 ], [ 3.305921445000024, 6.569097181000075 ], [ 3.305955230000052, 6.569551911000076 ], [ 3.306386283000052, 6.569968104000054 ], [ 3.30692271700002, 6.570503902000041 ], [ 3.307387602000063, 6.571446627000057 ], [ 3.307540928000037, 6.57169544900006 ], [ 3.307503329000042, 6.572825168000065 ], [ 3.307413302000043, 6.574323507000031 ], [ 3.307025615000043, 6.574381187000029 ], [ 3.306954305000033, 6.575180635000038 ], [ 3.306926081000029, 6.575989629000048 ], [ 3.30697439100004, 6.576712414000042 ], [ 3.307046495000066, 6.577205415000037 ], [ 3.307295378000049, 6.577162181000062 ], [ 3.307726165000076, 6.577133195000044 ], [ 3.308200089000024, 6.577195132000043 ], [ 3.308425118000059, 6.577281156000026 ], [ 3.308655055000031, 6.577563439000073 ], [ 3.308655312000042, 6.577979894000066 ], [ 3.308620336000047, 6.579218752000031 ], [ 3.308605453000041, 6.579923385000029 ], [ 3.308628652000039, 6.58028334200003 ], [ 3.308667187000026, 6.580673924000052 ], [ 3.308774448000065, 6.580735130000051 ], [ 3.308752451000032, 6.582320547000052 ], [ 3.308715496000048, 6.584488054000076 ], [ 3.308708783000043, 6.586019849000024 ], [ 3.30868666300006, 6.587406133000059 ], [ 3.308702043000039, 6.587505690000057 ], [ 3.30883226800006, 6.587543904000029 ], [ 3.308794073000058, 6.587704766000058 ], [ 3.308792338000046, 6.588147725000056 ], [ 3.312229064000064, 6.588176179000072 ], [ 3.313691874000028, 6.588106332000052 ], [ 3.314825380000059, 6.588082642000074 ], [ 3.31505501700002, 6.587875705000044 ], [ 3.315131510000072, 6.587722478000046 ], [ 3.315177149000021, 6.58722461800005 ], [ 3.315191244000061, 6.585286895000024 ], [ 3.315234579000048, 6.581135717000052 ], [ 3.315341624000041, 6.580852268000058 ], [ 3.315655504000063, 6.580645278000077 ], [ 3.315885259000027, 6.580629815000066 ], [ 3.317540012000052, 6.581341049000059 ], [ 3.320106416000044, 6.582434642000067 ], [ 3.320803541000032, 6.58270225800004 ], [ 3.321354997000071, 6.582732539000062 ], [ 3.322970614000042, 6.582118782000066 ], [ 3.324655087000053, 6.581397751000054 ], [ 3.326400885000055, 6.58076858000004 ], [ 3.327143603000025, 6.580484714000022 ], [ 3.328392001000054, 6.580506872000058 ], [ 3.330452236000042, 6.580536151000047 ], [ 3.330491077000033, 6.58136329000007 ], [ 3.330958279000072, 6.581385958000055 ], [ 3.331005044000051, 6.582611357000076 ], [ 3.331525828000053, 6.582588035000072 ], [ 3.331702149000023, 6.58284066300007 ], [ 3.332981193000023, 6.58287044900004 ], [ 3.333924586000023, 6.582823288000043 ], [ 3.333947898000076, 6.583068896000043 ], [ 3.333967972000039, 6.583280401000025 ], [ 3.333913080000059, 6.583512599000073 ], [ 3.333885338000073, 6.584977389000073 ], [ 3.333871577000025, 6.585874930000045 ], [ 3.333792824000056, 6.586217241000043 ], [ 3.333685289000073, 6.586468622000041 ], [ 3.333575461000066, 6.586870789000045 ], [ 3.333594755000036, 6.587090971000066 ], [ 3.33375803000007, 6.587873509000076 ], [ 3.333837337000034, 6.588359320000052 ], [ 3.333928520000029, 6.588708698000062 ], [ 3.334093942000038, 6.589122648000057 ], [ 3.334182437000038, 6.589321697000059 ], [ 3.334745609000038, 6.589390274000039 ], [ 3.335492380000062, 6.589428068000075 ], [ 3.337599370000021, 6.590287701000022 ], [ 3.338020591000031, 6.589209794000055 ], [ 3.339645396000037, 6.585216474000049 ], [ 3.342598681000027, 6.57799591600002 ], [ 3.342888551000044, 6.577381625000044 ], [ 3.343344324000043, 6.57641575100007 ], [ 3.343662467000058, 6.575642836000043 ], [ 3.343867863000071, 6.575143834000073 ], [ 3.344042017000049, 6.574720733000049 ], [ 3.344105201000048, 6.574562851000053 ], [ 3.344189639000035, 6.574351857000067 ], [ 3.344267789000071, 6.574156577000053 ], [ 3.344317778000061, 6.574031668000032 ], [ 3.345226077000063, 6.571762015000047 ], [ 3.346605612000076, 6.568387281000071 ], [ 3.347653665000053, 6.565793209000049 ], [ 3.348102802000028, 6.564636877000055 ], [ 3.348504287000026, 6.563791723000065 ], [ 3.349631697000063, 6.560986652000054 ], [ 3.351017429000024, 6.557602990000021 ], [ 3.351474733000032, 6.556547572000056 ], [ 3.351813450000066, 6.55570192700003 ], [ 3.350424987000054, 6.555160391000072 ], [ 3.348825882000028, 6.554561556000067 ], [ 3.346371280000028, 6.553506961000039 ], [ 3.343587935000073, 6.552331312000035 ], [ 3.341816427000026, 6.551576201000046 ], [ 3.341098258000045, 6.551283097000066 ], [ 3.339846943000055, 6.550613788000021 ], [ 3.33932334800005, 6.550205665000021 ], [ 3.33889866100003, 6.549778328000059 ], [ 3.338566534000051, 6.549382839000032 ], [ 3.338298218000034, 6.548974543000043 ], [ 3.338039443000071, 6.548518372000046 ], [ 3.337858520000054, 6.548083615000053 ], [ 3.337762621000024, 6.547830376000036 ], [ 3.337625323000054, 6.547303916000033 ], [ 3.337535627000022, 6.546783807000054 ], [ 3.337497005000046, 6.546292384000026 ], [ 3.337493561000031, 6.545915821000051 ], [ 3.337486648000038, 6.545124402000056 ], [ 3.337492677000057, 6.544597845000055 ], [ 3.337453524000068, 6.543314998000028 ], [ 3.337376223000035, 6.542242798000075 ], [ 3.337318467000046, 6.54176734300006 ], [ 3.337235016000022, 6.541039800000021 ], [ 3.337112942000033, 6.53981764100007 ], [ 3.337105167000061, 6.539642874000037 ], [ 3.336803251000049, 6.536697572000037 ], [ 3.336483779000048, 6.53373696400007 ], [ 3.336329662000026, 6.532305801000064 ], [ 3.336262195000074, 6.53161813600002 ], [ 3.336069057000032, 6.530013928000074 ], [ 3.335792973000025, 6.527505806000022 ], [ 3.335440263000066, 6.523985081000035 ], [ 3.33532935300002, 6.522877980000032 ], [ 3.335135165000054, 6.521015137000063 ], [ 3.334995383000035, 6.519674206000047 ], [ 3.334896991000051, 6.518858167000076 ], [ 3.334768986000029, 6.518293404000076 ], [ 3.334574864000047, 6.517668925000066 ], [ 3.334369289000051, 6.517007603000025 ], [ 3.333752789000073, 6.515974052000047 ], [ 3.333586268000033, 6.515753463000067 ], [ 3.333402769000031, 6.515510383000048 ], [ 3.333146015000068, 6.515170262000026 ], [ 3.332625581000059, 6.514650435000021 ], [ 3.332146713000043, 6.514261419000036 ], [ 3.331131624000022, 6.513601501000039 ], [ 3.330741211000031, 6.513407954000058 ], [ 3.330215099000043, 6.513147135000054 ], [ 3.329768738000041, 6.512925851000034 ], [ 3.328547473000071, 6.512337916000035 ], [ 3.327802631000054, 6.511979335000035 ], [ 3.326975901000026, 6.511469273000046 ], [ 3.326251244000048, 6.51090808400005 ], [ 3.325676753000039, 6.51028242600006 ], [ 3.325296549000029, 6.509868357000073 ], [ 3.324958333000041, 6.509307866000029 ], [ 3.324945266000043, 6.509281980000026 ], [ 3.324411690000034, 6.508263735000071 ], [ 3.324127590000046, 6.507405385000027 ], [ 3.323928275000071, 6.506803196000021 ], [ 3.32369667100005, 6.506103447000044 ] ] ] ] } },
{ "type": "Feature", "properties": { "id": 28471, "name": "Agege", "code": "25001", "timestamp": "2019-08-09T11:24:19Z", "state_code": "LA" }, "geometry": { "type": "MultiPolygon", "coordinates": [ [ [ [ 3.333066454000061, 6.602054004000024 ], [ 3.333128506000037, 6.601905900000077 ], [ 3.333107833000042, 6.601838875000055 ], [ 3.333082451000053, 6.601756581000075 ], [ 3.332519943000023, 6.602411796000069 ], [ 3.332003197000063, 6.602779769000051 ], [ 3.330831861000036, 6.603550271000074 ], [ 3.330165866000073, 6.604079179000053 ], [ 3.32985594400003, 6.604492966000066 ], [ 3.329569144000061, 6.605125018000024 ], [ 3.329293930000063, 6.605906411000035 ], [ 3.328777588000037, 6.606894755000042 ], [ 3.328031285000066, 6.607607528000074 ], [ 3.327261814000053, 6.608033105000061 ], [ 3.326572613000053, 6.608228860000054 ], [ 3.325998209000034, 6.608286679000059 ], [ 3.325285887000064, 6.608264168000062 ], [ 3.323321274000023, 6.608230982000066 ], [ 3.321896644000049, 6.608208928000067 ], [ 3.321149773000059, 6.60806006100006 ], [ 3.32051778400006, 6.607899631000066 ], [ 3.320023609000032, 6.60765869200003 ], [ 3.319311015000039, 6.607211102000065 ], [ 3.317908807000038, 6.606315903000052 ], [ 3.316989346000071, 6.605753557000071 ], [ 3.316426249000074, 6.60552414700004 ], [ 3.315837910000027, 6.605385264000063 ], [ 3.315303646000075, 6.605328161000045 ], [ 3.314780932000076, 6.605368701000032 ], [ 3.314332935000039, 6.605472379000048 ], [ 3.313798830000053, 6.605668019000063 ], [ 3.313159134000045, 6.606032987000049 ], [ 3.31221742300005, 6.606623317000071 ], [ 3.310288066000055, 6.607849955000063 ], [ 3.310186995000038, 6.607899035000059 ], [ 3.309934344000055, 6.608065774000067 ], [ 3.309273996000059, 6.608485512000073 ], [ 3.308079603000067, 6.60921002300006 ], [ 3.30791754400002, 6.609305654000025 ], [ 3.306793317000029, 6.609969053000043 ], [ 3.306266055000037, 6.610407853000027 ], [ 3.305859471000076, 6.610950829000046 ], [ 3.305507445000046, 6.611441218000039 ], [ 3.305170972000042, 6.612314545000061 ], [ 3.304666378000036, 6.613816008000072 ], [ 3.304325326000026, 6.61481675400006 ], [ 3.304238224000073, 6.615072337000072 ], [ 3.303840631000071, 6.61620610500006 ], [ 3.303213264000021, 6.617355330000066 ], [ 3.302524386000073, 6.618121644000041 ], [ 3.301728284000035, 6.618903341000021 ], [ 3.301085163000039, 6.619347950000076 ], [ 3.300546712000028, 6.619989712000063 ], [ 3.299107525000068, 6.62129260200004 ], [ 3.298327080000035, 6.622656364000022 ], [ 3.298036922000051, 6.62415769200004 ], [ 3.298114105000025, 6.62513799200002 ], [ 3.298559130000058, 6.626424428000064 ], [ 3.300567948000037, 6.631663083000035 ], [ 3.301826061000043, 6.634848440000042 ], [ 3.302097525000022, 6.63567394100005 ], [ 3.302619092000043, 6.636837782000043 ], [ 3.303386298000021, 6.638859274000026 ], [ 3.30393863300003, 6.640222227000038 ], [ 3.304460229000028, 6.641416701000026 ], [ 3.304584401000056, 6.641969345000064 ], [ 3.305025486000034, 6.643022178000024 ], [ 3.305351569000038, 6.643902755000056 ], [ 3.305754252000042, 6.644783284000027 ], [ 3.306214681000029, 6.646142461000068 ], [ 3.306253430000027, 6.646870036000053 ], [ 3.306024227000023, 6.647827545000041 ], [ 3.306946121000067, 6.647877682000058 ], [ 3.307592450000072, 6.647925150000049 ], [ 3.307641752000052, 6.64800467200007 ], [ 3.30805205300004, 6.648028096000075 ], [ 3.309574520000069, 6.648142030000031 ], [ 3.312251745000026, 6.648312674000067 ], [ 3.313274382000031, 6.648386703000028 ], [ 3.313653504000058, 6.648323277000031 ], [ 3.314090013000055, 6.648162162000062 ], [ 3.314487191000069, 6.647884274000035 ], [ 3.314774204000059, 6.647520292000024 ], [ 3.315128008000045, 6.646792469000047 ], [ 3.315405225000063, 6.646083841000063 ], [ 3.315625091000072, 6.645528429000024 ], [ 3.315814380000063, 6.645071644000041 ], [ 3.316026646000068, 6.644611973000053 ], [ 3.318206209000039, 6.639199543000075 ], [ 3.320936360000076, 6.632459840000024 ], [ 3.321130037000046, 6.631991562000053 ], [ 3.321319291000066, 6.631497439000043 ], [ 3.321737972000051, 6.630445979000058 ], [ 3.321915721000039, 6.629928886000073 ], [ 3.322064755000042, 6.629423300000042 ], [ 3.322230783000066, 6.628550074000032 ], [ 3.32241418600006, 6.627895117000037 ], [ 3.322574686000053, 6.627355058000035 ], [ 3.323378840000032, 6.62772226900006 ], [ 3.324049225000067, 6.627991810000026 ], [ 3.324384437000049, 6.628156258000047 ], [ 3.32448024200005, 6.628250017000028 ], [ 3.324618097000041, 6.628225035000071 ], [ 3.324645265000072, 6.628213673000062 ], [ 3.324639170000069, 6.628311595000071 ], [ 3.324644289000048, 6.628316920000032 ], [ 3.32469681200007, 6.628371555000058 ], [ 3.324731147000023, 6.628407271000071 ], [ 3.325098875000037, 6.628514255000027 ], [ 3.32555086800005, 6.628636502000063 ], [ 3.325926258000038, 6.628747310000051 ], [ 3.326477805000025, 6.628838855000026 ], [ 3.326979560000041, 6.628922773000056 ], [ 3.327416161000031, 6.628933973000073 ], [ 3.327906344000041, 6.628891526000075 ], [ 3.328683685000044, 6.628737833000059 ], [ 3.32940740500004, 6.628576516000066 ], [ 3.330173238000043, 6.628396022000061 ], [ 3.331972888000053, 6.627889333000041 ], [ 3.333389629000067, 6.627486290000036 ], [ 3.333826134000049, 6.627355795000028 ], [ 3.334917402000031, 6.627041045000055 ], [ 3.336621324000021, 6.626572698000075 ], [ 3.336678744000039, 6.626534365000055 ], [ 3.336598242000036, 6.626419535000025 ], [ 3.336414323000042, 6.626285629000051 ], [ 3.336138522000056, 6.62619773800003 ], [ 3.335322634000022, 6.625972352000076 ], [ 3.334939595000037, 6.625876873000038 ], [ 3.33460251300005, 6.625781364000034 ], [ 3.334755382000026, 6.625306408000029 ], [ 3.335489194000047, 6.62308865500006 ], [ 3.335817856000062, 6.622062137000057 ], [ 3.335917237000046, 6.621778690000042 ], [ 3.335966599000074, 6.621150625000041 ], [ 3.335958675000029, 6.620760025000038 ], [ 3.336638682000057, 6.618278074000045 ], [ 3.336822006000034, 6.617538864000039 ], [ 3.33676448500006, 6.617427849000023 ], [ 3.336228170000027, 6.617190785000048 ], [ 3.335584609000023, 6.616930816000036 ], [ 3.335476219000043, 6.616841575000024 ], [ 3.335476103000076, 6.61666924900004 ], [ 3.33570222000003, 6.614476098000068 ], [ 3.335731117000023, 6.614195816000063 ], [ 3.335599384000034, 6.614206343000035 ], [ 3.33394486100002, 6.614038960000073 ], [ 3.33325551400003, 6.614024104000066 ], [ 3.332995036000057, 6.613932372000022 ], [ 3.332994236000047, 6.612737580000044 ], [ 3.332993139000052, 6.611098570000024 ], [ 3.333030557000029, 6.605491252000036 ], [ 3.333097398000064, 6.602364449000049 ], [ 3.333066454000061, 6.602054004000024 ] ] ] ] } },
{ "type": "Feature", "properties": { "id": 28445, "name": "Shomolu", "code": "25017", "timestamp": "2019-08-09T11:24:18Z", "state_code": "LA" }, "geometry": { "type": "MultiPolygon", "coordinates": [ [ [ [ 3.374559331000057, 6.527923223000073 ], [ 3.374550183000053, 6.527873685000031 ], [ 3.374299596000071, 6.52772707500003 ], [ 3.374084057000061, 6.527513424000063 ], [ 3.373839798000063, 6.527295007000021 ], [ 3.373555653000039, 6.527075024000055 ], [ 3.373126202000037, 6.526687609000021 ], [ 3.372727010000062, 6.526226773000076 ], [ 3.372581651000075, 6.52598594400007 ], [ 3.372330817000034, 6.525504255000044 ], [ 3.371624323000049, 6.525868575000061 ], [ 3.371165005000023, 6.526082725000037 ], [ 3.370638708000058, 6.526335219000032 ], [ 3.370262041000046, 6.526128067000059 ], [ 3.369716155000049, 6.525775838000072 ], [ 3.369302713000025, 6.525458615000048 ], [ 3.369213348000073, 6.525426768000045 ], [ 3.369155926000076, 6.52544436200003 ], [ 3.369108113000038, 6.525511412000071 ], [ 3.368948493000062, 6.525401432000024 ], [ 3.368614888000025, 6.525175099000023 ], [ 3.368289528000048, 6.525314155000046 ], [ 3.368232028000023, 6.525223248000032 ], [ 3.36817764500006, 6.525033410000049 ], [ 3.368054684000072, 6.524875534000046 ], [ 3.367834362000053, 6.524660288000064 ], [ 3.36764918800003, 6.524512031000029 ], [ 3.367503741000064, 6.524388647000023 ], [ 3.367501282000035, 6.524603154000033 ], [ 3.367499147000046, 6.524790151000047 ], [ 3.367495208000037, 6.525135229000057 ], [ 3.367467753000028, 6.526868081000032 ], [ 3.367442073000063, 6.527751270000067 ], [ 3.36743548100003, 6.528100518000031 ], [ 3.367373890000067, 6.530961435000052 ], [ 3.367325279000056, 6.532703039000069 ], [ 3.367269574000034, 6.536199969000052 ], [ 3.367259859000058, 6.536674204000064 ], [ 3.367244006000021, 6.537732875000074 ], [ 3.367213612000057, 6.53928168300007 ], [ 3.367207088000043, 6.539614125000071 ], [ 3.367174912000053, 6.541433143000063 ], [ 3.367127941000035, 6.543748405000031 ], [ 3.367079732000036, 6.54574563400007 ], [ 3.367056560000037, 6.546955270000069 ], [ 3.367046112000025, 6.547772081000062 ], [ 3.36700591400006, 6.549530471000025 ], [ 3.366994157000022, 6.550909085000058 ], [ 3.366954207000049, 6.553005743000028 ], [ 3.366892155000073, 6.555424730000027 ], [ 3.36686454900007, 6.556946960000062 ], [ 3.366925915000024, 6.558478963000027 ], [ 3.367619871000045, 6.55840278200003 ], [ 3.368228606000059, 6.55825298600007 ], [ 3.368825827000023, 6.558068734000074 ], [ 3.369526310000026, 6.557712079000055 ], [ 3.370043007000049, 6.557378535000055 ], [ 3.370559635000063, 6.556953084000043 ], [ 3.372132260000058, 6.555366525000068 ], [ 3.374209932000042, 6.553251120000027 ], [ 3.376000632000057, 6.55144610900004 ], [ 3.377662158000021, 6.549813157000074 ], [ 3.377837269000054, 6.549641057000031 ], [ 3.378258372000062, 6.549322614000062 ], [ 3.378755986000044, 6.548946312000055 ], [ 3.378993011000034, 6.548767070000054 ], [ 3.380115001000036, 6.548258517000022 ], [ 3.380904833000045, 6.548046372000044 ], [ 3.381165883000051, 6.547976255000037 ], [ 3.382130692000032, 6.547803197000064 ], [ 3.383009454000046, 6.547773807000056 ], [ 3.384468521000031, 6.547996716000057 ], [ 3.38590472900006, 6.548368986000071 ], [ 3.387180107000063, 6.548729888000025 ], [ 3.387789076000047, 6.548907488000054 ], [ 3.39139551300002, 6.549852240000064 ], [ 3.392726429000049, 6.550224572000047 ], [ 3.393578540000021, 6.550386657000047 ], [ 3.393837029000053, 6.550415175000069 ], [ 3.395100637000041, 6.550404609000054 ], [ 3.396067479000067, 6.550384700000052 ], [ 3.396402514000044, 6.550365288000023 ], [ 3.396775741000056, 6.550221389000058 ], [ 3.39696108000004, 6.55007286600005 ], [ 3.396967209000024, 6.55005582800004 ], [ 3.396964773000036, 6.550000782000041 ], [ 3.396928838000065, 6.549954378000052 ], [ 3.396957370000052, 6.549718845000029 ], [ 3.39704299400006, 6.549046709000038 ], [ 3.39740359700005, 6.547466777000068 ], [ 3.397913693000021, 6.546087773000068 ], [ 3.398504219000074, 6.544737425000051 ], [ 3.398581207000063, 6.544565517000024 ], [ 3.398748407000028, 6.544158506000031 ], [ 3.399168645000032, 6.542947110000057 ], [ 3.399268923000022, 6.542650248000029 ], [ 3.399296513000024, 6.542519434000042 ], [ 3.399314480000044, 6.542367340000055 ], [ 3.399347503000058, 6.542164894000052 ], [ 3.399402635000058, 6.541825532000075 ], [ 3.399626991000048, 6.540564828000072 ], [ 3.399762033000059, 6.539846699000066 ], [ 3.399818419000042, 6.53953008700006 ], [ 3.399989978000065, 6.538588545000039 ], [ 3.400267962000044, 6.537058141000045 ], [ 3.400162585000032, 6.536959297000067 ], [ 3.400100288000033, 6.536863610000069 ], [ 3.400096979000068, 6.536715222000055 ], [ 3.400087229000064, 6.536491845000057 ], [ 3.400130106000063, 6.536241302000064 ], [ 3.400230437000062, 6.536013051000054 ], [ 3.400329099000032, 6.535693852000065 ], [ 3.400368774000071, 6.535428950000039 ], [ 3.400381420000031, 6.535280549000049 ], [ 3.400355827000055, 6.535197598000025 ], [ 3.400358961000052, 6.53512579300002 ], [ 3.400373251000076, 6.535039619000031 ], [ 3.400408281000068, 6.534951833000036 ], [ 3.400478404000069, 6.534857637000073 ], [ 3.400454376000027, 6.534736390000035 ], [ 3.400463845000047, 6.534605543000055 ], [ 3.400502029000052, 6.534471482000072 ], [ 3.400599219000071, 6.534307058000024 ], [ 3.400736118000054, 6.533920813000066 ], [ 3.400995545000058, 6.533133974000066 ], [ 3.401089432000049, 6.532829139000057 ], [ 3.401227787000039, 6.532268972000054 ], [ 3.40131519800002, 6.53184606800005 ], [ 3.401424783000039, 6.531220504000032 ], [ 3.401478633000067, 6.530725824000058 ], [ 3.401488129000029, 6.530630080000037 ], [ 3.401117778000071, 6.530359123000039 ], [ 3.400871908000056, 6.530137530000047 ], [ 3.400482317000069, 6.529745321000064 ], [ 3.400373720000061, 6.529608186000075 ], [ 3.400382875000048, 6.529083225000022 ], [ 3.400358407000056, 6.528406708000034 ], [ 3.400335941000037, 6.528242379000062 ], [ 3.400351955000076, 6.52815937500003 ], [ 3.400335656000038, 6.527725384000064 ], [ 3.400245771000073, 6.527042537000057 ], [ 3.400260462000062, 6.526523848000068 ], [ 3.400245687000051, 6.526133043000073 ], [ 3.400366588000054, 6.525692560000039 ], [ 3.400417204000064, 6.525143632000038 ], [ 3.400250792000065, 6.524524670000062 ], [ 3.400173892000055, 6.524488200000064 ], [ 3.39984830800006, 6.523963337000055 ], [ 3.399372676000041, 6.52411492400006 ], [ 3.399092659000075, 6.524081638000041 ], [ 3.398927502000049, 6.524038688000076 ], [ 3.398862836000035, 6.523971723000045 ], [ 3.398647492000066, 6.524014975000057 ], [ 3.398604456000044, 6.524065270000051 ], [ 3.39854224000004, 6.524070106000067 ], [ 3.398403335000069, 6.523936185000025 ], [ 3.398209291000057, 6.523677851000059 ], [ 3.39811527400002, 6.523636583000041 ], [ 3.398058442000035, 6.523570267000025 ], [ 3.398032046000026, 6.523479338000072 ], [ 3.397766469000032, 6.52354895600007 ], [ 3.397464982000031, 6.523601849000045 ], [ 3.397082100000034, 6.523616511000057 ], [ 3.396739876000026, 6.523600027000043 ], [ 3.396493400000054, 6.523614581000061 ], [ 3.396179804000042, 6.523485584000071 ], [ 3.396017076000021, 6.523488105000069 ], [ 3.395356617000061, 6.523529311000061 ], [ 3.394016543000021, 6.523597375000065 ], [ 3.392702770000028, 6.52363669500005 ], [ 3.39051315100005, 6.523707804000026 ], [ 3.390202072000022, 6.52373676600007 ], [ 3.389656498000022, 6.523801810000066 ], [ 3.388852490000033, 6.523890987000073 ], [ 3.38804131400002, 6.523996922000038 ], [ 3.387431099000025, 6.524026112000058 ], [ 3.386079011000049, 6.524036723000052 ], [ 3.385469003000026, 6.524033425000027 ], [ 3.384667317000037, 6.524032043000034 ], [ 3.383845688000065, 6.524030675000063 ], [ 3.382182491000037, 6.524031938000064 ], [ 3.382045170000026, 6.524038120000057 ], [ 3.382043641000053, 6.524385896000069 ], [ 3.38209226500004, 6.524549249000074 ], [ 3.382162654000069, 6.524803217000056 ], [ 3.381552745000022, 6.525028340000063 ], [ 3.381340943000055, 6.525116578000052 ], [ 3.381316759000072, 6.525203397000041 ], [ 3.38123657400007, 6.525498326000047 ], [ 3.381137266000053, 6.525822628000071 ], [ 3.381034158000034, 6.526185228000031 ], [ 3.380946315000074, 6.526480163000031 ], [ 3.380923004000067, 6.526568780000048 ], [ 3.380428794000068, 6.526541087000055 ], [ 3.379914259000032, 6.526517541000032 ], [ 3.379563250000047, 6.526489883000067 ], [ 3.379234207000025, 6.526502097000048 ], [ 3.379226773000028, 6.527224115000024 ], [ 3.379235190000031, 6.527808500000049 ], [ 3.378738629000054, 6.52782084100005 ], [ 3.378467370000067, 6.527767193000045 ], [ 3.378182103000029, 6.527649731000054 ], [ 3.377647457000023, 6.527402813000037 ], [ 3.377374484000029, 6.527724133000049 ], [ 3.377059656000029, 6.528077397000061 ], [ 3.376615230000027, 6.528470648000052 ], [ 3.376122997000039, 6.528939725000043 ], [ 3.37607618200002, 6.528977825000027 ], [ 3.37606577300005, 6.528962737000029 ], [ 3.375933987000053, 6.528741943000057 ], [ 3.375754365000034, 6.528556588000072 ], [ 3.37520564600004, 6.528158095000038 ], [ 3.375046058000066, 6.528094389000046 ], [ 3.374559331000057, 6.527923223000073 ] ] ] ] } },
{ "type": "Feature", "properties": { "id": 28443, "name": "Surulere", "code": "25018", "timestamp": "2019-08-09T11:24:17Z", "state_code": "LA" }, "geometry": { "type": "MultiPolygon", "coordinates": [ [ [ [ 3.363625893000062, 6.489095346000056 ], [ 3.364209481000046, 6.487506087000042 ], [ 3.364454329000068, 6.487245507000068 ], [ 3.365249722000044, 6.485896961000037 ], [ 3.366252226000029, 6.484968954000067 ], [ 3.368134699000052, 6.483278795000047 ], [ 3.369098765000047, 6.482244138000056 ], [ 3.369064023000021, 6.481853557000022 ], [ 3.368661700000075, 6.481417290000024 ], [ 3.368290469000044, 6.481182112000056 ], [ 3.366348969000057, 6.480647391000048 ], [ 3.366272328000036, 6.480551710000043 ], [ 3.364460227000052, 6.476264006000065 ], [ 3.364495326000053, 6.476246227000047 ], [ 3.36440893200006, 6.47589589200004 ], [ 3.363353891000031, 6.473893685000064 ], [ 3.362655510000025, 6.474246851000032 ], [ 3.361335032000056, 6.474783918000071 ], [ 3.360100017000036, 6.474363553000046 ], [ 3.359716787000025, 6.473837271000036 ], [ 3.359228035000058, 6.472975985000062 ], [ 3.358930698000052, 6.472998535000045 ], [ 3.358547777000069, 6.472906898000076 ], [ 3.357361012000069, 6.473037935000036 ], [ 3.356227864000061, 6.473191910000025 ], [ 3.355531166000048, 6.473337918000027 ], [ 3.355479352000032, 6.473702266000032 ], [ 3.355564068000035, 6.474399171000073 ], [ 3.355104821000054, 6.474659896000048 ], [ 3.354653358000064, 6.475104431000034 ], [ 3.354408655000043, 6.475571798000033 ], [ 3.354248168000026, 6.47602378800002 ], [ 3.353812189000053, 6.476713398000072 ], [ 3.353468154000041, 6.477487192000069 ], [ 3.35322319200003, 6.477586928000051 ], [ 3.352725527000075, 6.477663864000021 ], [ 3.352809980000075, 6.477985481000076 ], [ 3.352840854000021, 6.478337771000042 ], [ 3.352297403000023, 6.47864450700007 ], [ 3.351723175000075, 6.478736813000069 ], [ 3.351416891000042, 6.478744684000048 ], [ 3.350490139000044, 6.478415989000041 ], [ 3.349073137000062, 6.477811908000035 ], [ 3.348767059000068, 6.478118477000066 ], [ 3.348231463000047, 6.478716243000065 ], [ 3.348017323000022, 6.479099337000036 ], [ 3.346860966000065, 6.478931632000069 ], [ 3.345712182000057, 6.478641375000052 ], [ 3.344984310000029, 6.478372748000027 ], [ 3.344509174000052, 6.478176224000038 ], [ 3.343574723000074, 6.477778590000071 ], [ 3.342900655000051, 6.477434393000067 ], [ 3.341652004000025, 6.476654020000069 ], [ 3.341077441000039, 6.476248481000027 ], [ 3.338777773000061, 6.474598510000021 ], [ 3.338744015000032, 6.474482903000023 ], [ 3.338739721000024, 6.474479521000035 ], [ 3.338161888000059, 6.474044786000036 ], [ 3.337499278000053, 6.473546265000039 ], [ 3.33458052800006, 6.471464956000034 ], [ 3.333898717000068, 6.470967572000063 ], [ 3.333715508000068, 6.47081774000003 ], [ 3.330353425000055, 6.468414062000022 ], [ 3.328825153000025, 6.467358114000035 ], [ 3.327940339000065, 6.466703843000062 ], [ 3.325276815000052, 6.464837784000053 ], [ 3.323775392000073, 6.463827757000047 ], [ 3.321094197000036, 6.461868756000058 ], [ 3.319730665000066, 6.460935219000021 ], [ 3.318413271000054, 6.460308008000027 ], [ 3.317157326000029, 6.459987114000057 ], [ 3.316100569000071, 6.45983459200005 ], [ 3.31556157700004, 6.459793441000045 ], [ 3.315469131000043, 6.459792833000051 ], [ 3.315470669000035, 6.459796672000039 ], [ 3.315559164000035, 6.460017571000037 ], [ 3.315823842000043, 6.460844578000035 ], [ 3.316076915000053, 6.461476287000039 ], [ 3.316594405000046, 6.462509928000031 ], [ 3.317111747000069, 6.463302311000064 ], [ 3.317778374000056, 6.464048646000037 ], [ 3.31821517000003, 6.464599820000046 ], [ 3.318516269000042, 6.464985931000058 ], [ 3.322584961000075, 6.469402599000034 ], [ 3.32349380900007, 6.470525338000073 ], [ 3.324459311000055, 6.471627615000045 ], [ 3.325333028000045, 6.472883129000024 ], [ 3.326160926000057, 6.474322485000073 ], [ 3.326835772000038, 6.475899800000036 ], [ 3.327311841000039, 6.47795209800006 ], [ 3.327435078000065, 6.479070229000058 ], [ 3.327435080000043, 6.479074058000037 ], [ 3.32743638200003, 6.481092197000066 ], [ 3.327379682000071, 6.481622840000057 ], [ 3.32737968400005, 6.481626669000036 ], [ 3.327379288000031, 6.481628304000026 ], [ 3.32728415400004, 6.482516863000058 ], [ 3.327094028000033, 6.48351507700005 ], [ 3.327085736000072, 6.483558611000035 ], [ 3.326550758000053, 6.485167340000032 ], [ 3.325648382000054, 6.487021391000042 ], [ 3.324791825000034, 6.48869159700007 ], [ 3.323768803000064, 6.490501683000048 ], [ 3.322889248000024, 6.492148923000059 ], [ 3.322497688000055, 6.492964860000029 ], [ 3.322411291000037, 6.493144894000068 ], [ 3.321914200000037, 6.494160024000053 ], [ 3.321505119000051, 6.495769704000054 ], [ 3.321435242000064, 6.496269177000045 ], [ 3.32138016600004, 6.497465926000075 ], [ 3.321476508000046, 6.498447170000077 ], [ 3.321684604000041, 6.499555993000058 ], [ 3.321980369000073, 6.50054508900007 ], [ 3.322288649000029, 6.501563548000036 ], [ 3.322816771000021, 6.501309777000074 ], [ 3.323795141000062, 6.500737122000032 ], [ 3.324206566000043, 6.500471188000063 ], [ 3.32525901200006, 6.499738124000032 ], [ 3.325557992000029, 6.499515343000041 ], [ 3.326131993000047, 6.499024321000036 ], [ 3.326545821000025, 6.49877753100003 ], [ 3.326623778000055, 6.498641597000073 ], [ 3.32659516700005, 6.498804368000037 ], [ 3.326738900000066, 6.49904361800003 ], [ 3.327677372000039, 6.499694023000075 ], [ 3.328379483000049, 6.500151129000074 ], [ 3.329467416000057, 6.501008226000067 ], [ 3.330302712000048, 6.501957393000055 ], [ 3.330762533000041, 6.502516197000034 ], [ 3.331944084000042, 6.50373012700004 ], [ 3.332103519000043, 6.50389393100005 ], [ 3.332338762000063, 6.504128339000033 ], [ 3.333315715000026, 6.505046771000025 ], [ 3.333580131000076, 6.505391250000059 ], [ 3.333764088000066, 6.505655362000027 ], [ 3.333925127000043, 6.505999909000025 ], [ 3.334143719000053, 6.50652823300004 ], [ 3.334454181000069, 6.50702203000003 ], [ 3.334764598000049, 6.507446897000023 ], [ 3.335143889000051, 6.50780278700006 ], [ 3.335592115000054, 6.508181608000029 ], [ 3.335902457000032, 6.508491590000062 ], [ 3.336165314000027, 6.508790603000023 ], [ 3.336316285000066, 6.508962341000029 ], [ 3.336603633000038, 6.509237872000028 ], [ 3.336787555000058, 6.50944454100005 ], [ 3.337304688000074, 6.509800337000058 ], [ 3.33745415900006, 6.510018518000038 ], [ 3.337511753000058, 6.510259736000023 ], [ 3.33761547000006, 6.510765158000027 ], [ 3.337661646000072, 6.511109780000027 ], [ 3.338183661000073, 6.511189078000029 ], [ 3.338878635000071, 6.511240310000062 ], [ 3.339952643000061, 6.511256821000075 ], [ 3.340883130000066, 6.511365334000061 ], [ 3.341997536000065, 6.511669024000071 ], [ 3.342784395000024, 6.511708700000042 ], [ 3.344155427000032, 6.511700093000059 ], [ 3.345763629000032, 6.511813879000044 ], [ 3.34770518800002, 6.512283572000058 ], [ 3.348614369000074, 6.51258325200007 ], [ 3.348604182000031, 6.512766389000035 ], [ 3.34849901900003, 6.514656991000038 ], [ 3.348568557000021, 6.515553040000043 ], [ 3.351704268000049, 6.515332585000067 ], [ 3.351831214000072, 6.516182639000021 ], [ 3.352026648000049, 6.516412271000036 ], [ 3.352130284000054, 6.51677982800004 ], [ 3.352142420000064, 6.517710381000029 ], [ 3.35228059700006, 6.51819279800003 ], [ 3.355116051000039, 6.51567484900005 ], [ 3.356286759000056, 6.514352858000052 ], [ 3.356504933000053, 6.514249308000046 ], [ 3.357584384000063, 6.513834962000033 ], [ 3.357871330000023, 6.513524572000051 ], [ 3.358261525000046, 6.513030294000032 ], [ 3.358548668000026, 6.512783779000074 ], [ 3.35863891300005, 6.51283502900003 ], [ 3.360841880000066, 6.514748194000049 ], [ 3.362261671000056, 6.519074474000035 ], [ 3.362529928000072, 6.519399786000065 ], [ 3.363985386000024, 6.520049748000076 ], [ 3.364647604000027, 6.520376927000029 ], [ 3.364869393000049, 6.519978503000061 ], [ 3.365213517000029, 6.519315756000026 ], [ 3.365259325000068, 6.519124250000061 ], [ 3.365396753000027, 6.518553560000043 ], [ 3.36539250800007, 6.517979143000048 ], [ 3.365403679000053, 6.517542576000039 ], [ 3.365434124000046, 6.517285980000054 ], [ 3.365475557000025, 6.517268106000074 ], [ 3.365597904000026, 6.517022932000032 ], [ 3.365850378000061, 6.516701074000025 ], [ 3.36600345100004, 6.516586079000035 ], [ 3.366317270000025, 6.516379060000077 ], [ 3.366707717000054, 6.516240916000072 ], [ 3.367075279000062, 6.516225331000044 ], [ 3.367350987000066, 6.516263425000034 ], [ 3.367580777000057, 6.516340613000068 ], [ 3.367936906000068, 6.516397796000035 ], [ 3.369450642000061, 6.512973149000061 ], [ 3.370441155000037, 6.510519047000059 ], [ 3.370883861000038, 6.509422186000052 ], [ 3.37112449600005, 6.50862931000006 ], [ 3.371719375000055, 6.507251323000048 ], [ 3.372063360000027, 6.506423905000077 ], [ 3.369145227000047, 6.505637175000061 ], [ 3.368709632000048, 6.505286879000039 ], [ 3.367988713000045, 6.503770936000024 ], [ 3.367175308000071, 6.501427893000027 ], [ 3.367327203000059, 6.499696864000043 ], [ 3.36803063800005, 6.498241156000063 ], [ 3.367600150000044, 6.495943788000034 ], [ 3.366895052000075, 6.495101816000044 ], [ 3.365345009000066, 6.49061479900007 ], [ 3.363292388000048, 6.490003560000048 ], [ 3.363625893000062, 6.489095346000056 ] ] ] ] } },
{ "type": "Feature", "properties": { "id": 28428, "name": "Mushin", "code": "25014", "timestamp": "2019-08-09T11:24:18Z", "state_code": "LA" }, "geometry": { "type": "MultiPolygon", "coordinates": [ [ [ [ 3.331944084000042, 6.50373012700004 ], [ 3.330762533000041, 6.502516197000034 ], [ 3.330302712000048, 6.501957393000055 ], [ 3.329467416000057, 6.501008226000067 ], [ 3.328379483000049, 6.500151129000074 ], [ 3.327677372000039, 6.499694023000075 ], [ 3.326738900000066, 6.49904361800003 ], [ 3.32659516700005, 6.498804368000037 ], [ 3.326623778000055, 6.498641597000073 ], [ 3.326545821000025, 6.49877753100003 ], [ 3.326131993000047, 6.499024321000036 ], [ 3.325557992000029, 6.499515343000041 ], [ 3.32525901200006, 6.499738124000032 ], [ 3.324206566000043, 6.500471188000063 ], [ 3.323795141000062, 6.500737122000032 ], [ 3.322816771000021, 6.501309777000074 ], [ 3.322288649000029, 6.501563548000036 ], [ 3.322803699000076, 6.503265094000028 ], [ 3.32369667100005, 6.506103447000044 ], [ 3.323928275000071, 6.506803196000021 ], [ 3.324127590000046, 6.507405385000027 ], [ 3.324411690000034, 6.508263735000071 ], [ 3.324945266000043, 6.509281980000026 ], [ 3.324958333000041, 6.509307866000029 ], [ 3.325296549000029, 6.509868357000073 ], [ 3.325676753000039, 6.51028242600006 ], [ 3.326251244000048, 6.51090808400005 ], [ 3.326975901000026, 6.511469273000046 ], [ 3.327802631000054, 6.511979335000035 ], [ 3.328547473000071, 6.512337916000035 ], [ 3.329768738000041, 6.512925851000034 ], [ 3.330215099000043, 6.513147135000054 ], [ 3.330741211000031, 6.513407954000058 ], [ 3.331131624000022, 6.513601501000039 ], [ 3.332146713000043, 6.514261419000036 ], [ 3.332625581000059, 6.514650435000021 ], [ 3.333146015000068, 6.515170262000026 ], [ 3.333402769000031, 6.515510383000048 ], [ 3.333586268000033, 6.515753463000067 ], [ 3.333752789000073, 6.515974052000047 ], [ 3.334369289000051, 6.517007603000025 ], [ 3.334574864000047, 6.517668925000066 ], [ 3.334768986000029, 6.518293404000076 ], [ 3.334896991000051, 6.518858167000076 ], [ 3.334995383000035, 6.519674206000047 ], [ 3.335135165000054, 6.521015137000063 ], [ 3.33532935300002, 6.522877980000032 ], [ 3.335440263000066, 6.523985081000035 ], [ 3.335792973000025, 6.527505806000022 ], [ 3.336069057000032, 6.530013928000074 ], [ 3.336262195000074, 6.53161813600002 ], [ 3.336329662000026, 6.532305801000064 ], [ 3.336483779000048, 6.53373696400007 ], [ 3.336803251000049, 6.536697572000037 ], [ 3.337105167000061, 6.539642874000037 ], [ 3.337112942000033, 6.53981764100007 ], [ 3.337235016000022, 6.541039800000021 ], [ 3.337318467000046, 6.54176734300006 ], [ 3.337376223000035, 6.542242798000075 ], [ 3.337453524000068, 6.543314998000028 ], [ 3.337492677000057, 6.544597845000055 ], [ 3.337486648000038, 6.545124402000056 ], [ 3.337493561000031, 6.545915821000051 ], [ 3.337497005000046, 6.546292384000026 ], [ 3.337535627000022, 6.546783807000054 ], [ 3.337625323000054, 6.547303916000033 ], [ 3.337762621000024, 6.547830376000036 ], [ 3.337858520000054, 6.548083615000053 ], [ 3.338039443000071, 6.548518372000046 ], [ 3.338298218000034, 6.548974543000043 ], [ 3.338566534000051, 6.549382839000032 ], [ 3.33889866100003, 6.549778328000059 ], [ 3.33932334800005, 6.550205665000021 ], [ 3.339846943000055, 6.550613788000021 ], [ 3.341098258000045, 6.551283097000066 ], [ 3.341816427000026, 6.551576201000046 ], [ 3.343587935000073, 6.552331312000035 ], [ 3.346371280000028, 6.553506961000039 ], [ 3.348825882000028, 6.554561556000067 ], [ 3.350424987000054, 6.555160391000072 ], [ 3.351813450000066, 6.55570192700003 ], [ 3.351942906000033, 6.555511392000028 ], [ 3.352117, 6.555618818000028 ], [ 3.353988539000056, 6.556652696000072 ], [ 3.356047360000048, 6.557532016000039 ], [ 3.357253936000063, 6.558057709000025 ], [ 3.358259255000064, 6.558267612000066 ], [ 3.359972862000063, 6.558314254000038 ], [ 3.364070168000069, 6.558378312000059 ], [ 3.366291146000037, 6.558424564000063 ], [ 3.366861746000041, 6.558483755000054 ], [ 3.366925915000024, 6.558478963000027 ], [ 3.36686454900007, 6.556946960000062 ], [ 3.366892155000073, 6.555424730000027 ], [ 3.366954207000049, 6.553005743000028 ], [ 3.366994157000022, 6.550909085000058 ], [ 3.36700591400006, 6.549530471000025 ], [ 3.367046112000025, 6.547772081000062 ], [ 3.367056560000037, 6.546955270000069 ], [ 3.367079732000036, 6.54574563400007 ], [ 3.367127941000035, 6.543748405000031 ], [ 3.367174912000053, 6.541433143000063 ], [ 3.367207088000043, 6.539614125000071 ], [ 3.367213612000057, 6.53928168300007 ], [ 3.367244006000021, 6.537732875000074 ], [ 3.367259859000058, 6.536674204000064 ], [ 3.367269574000034, 6.536199969000052 ], [ 3.367325279000056, 6.532703039000069 ], [ 3.367373890000067, 6.530961435000052 ], [ 3.36743548100003, 6.528100518000031 ], [ 3.367442073000063, 6.527751270000067 ], [ 3.367467753000028, 6.526868081000032 ], [ 3.367495208000037, 6.525135229000057 ], [ 3.367499147000046, 6.524790151000047 ], [ 3.367501282000035, 6.524603154000033 ], [ 3.367503741000064, 6.524388647000023 ], [ 3.367508405000024, 6.523979200000042 ], [ 3.36758902300005, 6.520653094000068 ], [ 3.367508122000061, 6.519975338000052 ], [ 3.367335586000024, 6.519653789000074 ], [ 3.366944728000021, 6.519229003000021 ], [ 3.366364851000071, 6.518630751000046 ], [ 3.365774672000043, 6.517903581000041 ], [ 3.365475557000025, 6.517268106000074 ], [ 3.365434124000046, 6.517285980000054 ], [ 3.365403679000053, 6.517542576000039 ], [ 3.36539250800007, 6.517979143000048 ], [ 3.365396753000027, 6.518553560000043 ], [ 3.365259325000068, 6.519124250000061 ], [ 3.365213517000029, 6.519315756000026 ], [ 3.364869393000049, 6.519978503000061 ], [ 3.364647604000027, 6.520376927000029 ], [ 3.363985386000024, 6.520049748000076 ], [ 3.362529928000072, 6.519399786000065 ], [ 3.362261671000056, 6.519074474000035 ], [ 3.360841880000066, 6.514748194000049 ], [ 3.35863891300005, 6.51283502900003 ], [ 3.358548668000026, 6.512783779000074 ], [ 3.358261525000046, 6.513030294000032 ], [ 3.357871330000023, 6.513524572000051 ], [ 3.357584384000063, 6.513834962000033 ], [ 3.356504933000053, 6.514249308000046 ], [ 3.356286759000056, 6.514352858000052 ], [ 3.355116051000039, 6.51567484900005 ], [ 3.35228059700006, 6.51819279800003 ], [ 3.352142420000064, 6.517710381000029 ], [ 3.352130284000054, 6.51677982800004 ], [ 3.352026648000049, 6.516412271000036 ], [ 3.351831214000072, 6.516182639000021 ], [ 3.351704268000049, 6.515332585000067 ], [ 3.348568557000021, 6.515553040000043 ], [ 3.34849901900003, 6.514656991000038 ], [ 3.348604182000031, 6.512766389000035 ], [ 3.348614369000074, 6.51258325200007 ], [ 3.34770518800002, 6.512283572000058 ], [ 3.345763629000032, 6.511813879000044 ], [ 3.344155427000032, 6.511700093000059 ], [ 3.342784395000024, 6.511708700000042 ], [ 3.341997536000065, 6.511669024000071 ], [ 3.340883130000066, 6.511365334000061 ], [ 3.339952643000061, 6.511256821000075 ], [ 3.338878635000071, 6.511240310000062 ], [ 3.338183661000073, 6.511189078000029 ], [ 3.337661646000072, 6.511109780000027 ], [ 3.33761547000006, 6.510765158000027 ], [ 3.337511753000058, 6.510259736000023 ], [ 3.33745415900006, 6.510018518000038 ], [ 3.337304688000074, 6.509800337000058 ], [ 3.336787555000058, 6.50944454100005 ], [ 3.336603633000038, 6.509237872000028 ], [ 3.336316285000066, 6.508962341000029 ], [ 3.336165314000027, 6.508790603000023 ], [ 3.335902457000032, 6.508491590000062 ], [ 3.335592115000054, 6.508181608000029 ], [ 3.335143889000051, 6.50780278700006 ], [ 3.334764598000049, 6.507446897000023 ], [ 3.334454181000069, 6.50702203000003 ], [ 3.334143719000053, 6.50652823300004 ], [ 3.333925127000043, 6.505999909000025 ], [ 3.333764088000066, 6.505655362000027 ], [ 3.333580131000076, 6.505391250000059 ], [ 3.333315715000026, 6.505046771000025 ], [ 3.332338762000063, 6.504128339000033 ], [ 3.332103519000043, 6.50389393100005 ], [ 3.331944084000042, 6.50373012700004 ] ] ] ] } },
{ "type": "Feature", "properties": { "id": 28319, "name": "Lagos Island", "code": "25020", "timestamp": "2019-08-09T11:24:17Z", "state_code": "LA" }, "geometry": { "type": "MultiPolygon", "coordinates": [ [ [ [ 3.407702106000045, 6.449363573000028 ], [ 3.407360002000075, 6.447342626000022 ], [ 3.407181067000067, 6.446193932000028 ], [ 3.406835856000043, 6.445367044000022 ], [ 3.406312488000026, 6.444362229000035 ], [ 3.405409681000037, 6.442953784000053 ], [ 3.404075271000067, 6.44187448100007 ], [ 3.403160067000044, 6.441530003000025 ], [ 3.403058437000027, 6.441407647000062 ], [ 3.402883645000031, 6.44080871500006 ], [ 3.403009753000049, 6.439335522000022 ], [ 3.402219187000071, 6.439483894000034 ], [ 3.401910354000051, 6.43990229800005 ], [ 3.401728749000029, 6.440207202000067 ], [ 3.401535972000033, 6.440504137000062 ], [ 3.400971782000056, 6.44112208100006 ], [ 3.400244976000067, 6.441853440000045 ], [ 3.399562270000047, 6.442575598000076 ], [ 3.399449417000028, 6.442681954000022 ], [ 3.399185426000031, 6.442890866000027 ], [ 3.398801861000038, 6.443177418000062 ], [ 3.398249922000048, 6.443559838000056 ], [ 3.397579360000066, 6.444013195000025 ], [ 3.397166127000048, 6.44430455600002 ], [ 3.396948024000039, 6.444451096000023 ], [ 3.394042475000049, 6.446472478000032 ], [ 3.392811677000054, 6.447325483000043 ], [ 3.391829570000027, 6.447983630000067 ], [ 3.390885702000048, 6.448587494000037 ], [ 3.389561189000062, 6.449396479000029 ], [ 3.388049074000037, 6.450255672000026 ], [ 3.386928946000069, 6.450878812000042 ], [ 3.386089220000031, 6.451360267000041 ], [ 3.384716347000051, 6.452108051000039 ], [ 3.383850478000056, 6.452515585000071 ], [ 3.383410366000021, 6.452721750000023 ], [ 3.382778949000055, 6.453081237000049 ], [ 3.38250574500006, 6.453251933000047 ], [ 3.382257030000062, 6.453428276000068 ], [ 3.382246419000069, 6.453457271000048 ], [ 3.382002999000065, 6.45361986000006 ], [ 3.38146929200002, 6.454097028000035 ], [ 3.381107816000053, 6.454510881000033 ], [ 3.380448074000071, 6.455395981000038 ], [ 3.380144104000067, 6.455918931000042 ], [ 3.379874752000035, 6.45666013400006 ], [ 3.379766049000068, 6.457205914000042 ], [ 3.379778052000063, 6.457900954000024 ], [ 3.379766866000068, 6.458303056000034 ], [ 3.379813296000066, 6.458957860000055 ], [ 3.379813664000039, 6.459451861000048 ], [ 3.379768243000058, 6.460061188000054 ], [ 3.37977849300006, 6.460970680000059 ], [ 3.37991299600003, 6.461650309000049 ], [ 3.380564824000032, 6.462970989000041 ], [ 3.381493661000036, 6.463544713000033 ], [ 3.381573047000074, 6.462282437000056 ], [ 3.381946435000032, 6.46243150600003 ], [ 3.382347794000054, 6.462439821000032 ], [ 3.382443607000027, 6.462573780000071 ], [ 3.383089781000024, 6.462731260000055 ], [ 3.383324333000076, 6.462807672000054 ], [ 3.384166866000044, 6.463161262000028 ], [ 3.384832322000022, 6.463500625000052 ], [ 3.385339824000027, 6.463801811000053 ], [ 3.385794660000045, 6.464069529000028 ], [ 3.38606758100002, 6.464256008000064 ], [ 3.386128032000045, 6.464287555000055 ], [ 3.386702651000064, 6.464741868000033 ], [ 3.387497394000036, 6.465176865000046 ], [ 3.388239399000042, 6.465482656000063 ], [ 3.388899950000052, 6.465659264000067 ], [ 3.38988112800007, 6.465821265000045 ], [ 3.390345377000074, 6.465878351000072 ], [ 3.390795248000074, 6.465906726000071 ], [ 3.391455653000037, 6.46589185800002 ], [ 3.392077766000057, 6.465867445000072 ], [ 3.39239139600005, 6.465344561000052 ], [ 3.392792878000023, 6.464683669000067 ], [ 3.393074001000059, 6.464333057000033 ], [ 3.393360845000075, 6.463953718000027 ], [ 3.393693607000046, 6.463545623000073 ], [ 3.393928890000041, 6.463327162000041 ], [ 3.394057886000041, 6.463172607000047 ], [ 3.394585836000033, 6.462682027000028 ], [ 3.395109968000042, 6.462206767000055 ], [ 3.396353407000049, 6.461160358000029 ], [ 3.396598286000028, 6.460976353000035 ], [ 3.397375021000073, 6.460408987000051 ], [ 3.397794866000027, 6.460123795000072 ], [ 3.39868933300005, 6.459567824000032 ], [ 3.398721221000073, 6.45954785400005 ], [ 3.399273219000065, 6.459255917000064 ], [ 3.399468548000073, 6.459152049000068 ], [ 3.399707738000075, 6.459040169000048 ], [ 3.399984830000051, 6.458948204000023 ], [ 3.400026700000069, 6.458944182000039 ], [ 3.400293097000031, 6.458852617000048 ], [ 3.400907116000042, 6.458690579000063 ], [ 3.401403537000022, 6.458588468000073 ], [ 3.402049495000028, 6.458472277000055 ], [ 3.402853007000033, 6.458393856000043 ], [ 3.403712378000023, 6.458351290000053 ], [ 3.404112774000055, 6.458433404000061 ], [ 3.404840104000073, 6.458340919000022 ], [ 3.405682171000024, 6.458102823000047 ], [ 3.40634807400005, 6.457795936000025 ], [ 3.407136211000022, 6.457144299000049 ], [ 3.407908811000027, 6.456216952000034 ], [ 3.408199225000033, 6.455535077000036 ], [ 3.408489497000062, 6.454677046000029 ], [ 3.408511743000076, 6.453773277000039 ], [ 3.408119562000024, 6.451667390000068 ], [ 3.407702106000045, 6.449363573000028 ] ] ] ] } },
{ "type": "Feature", "properties": { "id": 28306, "name": "Lagos Mainland", "code": "25019", "timestamp": "2019-08-09T11:24:18Z", "state_code": "LA" }, "geometry": { "type": "MultiPolygon", "coordinates": [ [ [ [ 3.385159079000061, 6.475455329000056 ], [ 3.385052733000066, 6.475319224000032 ], [ 3.384832568000036, 6.475290670000049 ], [ 3.384631459000047, 6.475147217000028 ], [ 3.384334542000033, 6.474879380000061 ], [ 3.384267347000048, 6.474620942000058 ], [ 3.384362764000059, 6.474228349000043 ], [ 3.384649747000026, 6.474017512000046 ], [ 3.384678367000049, 6.473893032000035 ], [ 3.384725927000034, 6.473500476000027 ], [ 3.384840494000059, 6.473117443000035 ], [ 3.384935222000024, 6.471815354000057 ], [ 3.384829792000062, 6.471623961000034 ], [ 3.384647610000059, 6.471193284000037 ], [ 3.384676187000025, 6.471011363000059 ], [ 3.384819510000057, 6.47068575000003 ], [ 3.38397661800002, 6.46987262600004 ], [ 3.383957063000025, 6.469326942000066 ], [ 3.38368895800005, 6.469183540000074 ], [ 3.383832354000049, 6.468953663000036 ], [ 3.383382048000044, 6.468350863000069 ], [ 3.383113813000023, 6.468035134000047 ], [ 3.382529806000036, 6.467824953000047 ], [ 3.382252181000069, 6.467748572000062 ], [ 3.381974520000028, 6.467624323000052 ], [ 3.381802315000073, 6.467729763000023 ], [ 3.381304378000038, 6.467423779000057 ], [ 3.380969183000047, 6.467155968000043 ], [ 3.380767878000029, 6.466744451000068 ], [ 3.380911217000062, 6.466437986000074 ], [ 3.380681306000042, 6.466170096000042 ], [ 3.380413347000058, 6.466218165000043 ], [ 3.38019304300002, 6.465998135000063 ], [ 3.379361278000033, 6.466226934000076 ], [ 3.379079664000074, 6.466182673000048 ], [ 3.378518394000025, 6.467119924000031 ], [ 3.378037, 6.468464425000036 ], [ 3.377762054000073, 6.469418167000072 ], [ 3.376073960000042, 6.469810024000026 ], [ 3.374150070000042, 6.469742513000028 ], [ 3.372323610000024, 6.469404946000054 ], [ 3.37203134400005, 6.470249558000035 ], [ 3.371297620000064, 6.472105473000056 ], [ 3.370517972000073, 6.473995885000022 ], [ 3.369610997000052, 6.474542245000066 ], [ 3.368893370000023, 6.474858698000048 ], [ 3.367716289000043, 6.475146761000076 ], [ 3.366877847000069, 6.475170345000038 ], [ 3.365557375000037, 6.475711253000043 ], [ 3.364495326000053, 6.476246227000047 ], [ 3.364460227000052, 6.476264006000065 ], [ 3.366272328000036, 6.480551710000043 ], [ 3.366348969000057, 6.480647391000048 ], [ 3.368290469000044, 6.481182112000056 ], [ 3.368661700000075, 6.481417290000024 ], [ 3.369064023000021, 6.481853557000022 ], [ 3.369098765000047, 6.482244138000056 ], [ 3.368134699000052, 6.483278795000047 ], [ 3.366252226000029, 6.484968954000067 ], [ 3.365249722000044, 6.485896961000037 ], [ 3.364454329000068, 6.487245507000068 ], [ 3.364209481000046, 6.487506087000042 ], [ 3.363625893000062, 6.489095346000056 ], [ 3.363292388000048, 6.490003560000048 ], [ 3.365345009000066, 6.49061479900007 ], [ 3.366895052000075, 6.495101816000044 ], [ 3.367600150000044, 6.495943788000034 ], [ 3.36803063800005, 6.498241156000063 ], [ 3.367327203000059, 6.499696864000043 ], [ 3.367175308000071, 6.501427893000027 ], [ 3.367988713000045, 6.503770936000024 ], [ 3.368709632000048, 6.505286879000039 ], [ 3.369145227000047, 6.505637175000061 ], [ 3.372063360000027, 6.506423905000077 ], [ 3.371719375000055, 6.507251323000048 ], [ 3.37112449600005, 6.50862931000006 ], [ 3.370883861000038, 6.509422186000052 ], [ 3.370441155000037, 6.510519047000059 ], [ 3.369450642000061, 6.512973149000061 ], [ 3.367936906000068, 6.516397796000035 ], [ 3.367580777000057, 6.516340613000068 ], [ 3.367350987000066, 6.516263425000034 ], [ 3.367075279000062, 6.516225331000044 ], [ 3.366707717000054, 6.516240916000072 ], [ 3.366317270000025, 6.516379060000077 ], [ 3.36600345100004, 6.516586079000035 ], [ 3.365850378000061, 6.516701074000025 ], [ 3.365597904000026, 6.517022932000032 ], [ 3.365475557000025, 6.517268106000074 ], [ 3.365774672000043, 6.517903581000041 ], [ 3.366364851000071, 6.518630751000046 ], [ 3.366944728000021, 6.519229003000021 ], [ 3.367335586000024, 6.519653789000074 ], [ 3.367508122000061, 6.519975338000052 ], [ 3.36758902300005, 6.520653094000068 ], [ 3.367508405000024, 6.523979200000042 ], [ 3.367503741000064, 6.524388647000023 ], [ 3.36764918800003, 6.524512031000029 ], [ 3.367834362000053, 6.524660288000064 ], [ 3.368054684000072, 6.524875534000046 ], [ 3.36817764500006, 6.525033410000049 ], [ 3.368232028000023, 6.525223248000032 ], [ 3.368289528000048, 6.525314155000046 ], [ 3.368614888000025, 6.525175099000023 ], [ 3.368948493000062, 6.525401432000024 ], [ 3.369108113000038, 6.525511412000071 ], [ 3.369155926000076, 6.52544436200003 ], [ 3.369213348000073, 6.525426768000045 ], [ 3.369302713000025, 6.525458615000048 ], [ 3.369716155000049, 6.525775838000072 ], [ 3.370262041000046, 6.526128067000059 ], [ 3.370638708000058, 6.526335219000032 ], [ 3.371165005000023, 6.526082725000037 ], [ 3.371624323000049, 6.525868575000061 ], [ 3.372330817000034, 6.525504255000044 ], [ 3.372581651000075, 6.52598594400007 ], [ 3.372727010000062, 6.526226773000076 ], [ 3.373126202000037, 6.526687609000021 ], [ 3.373555653000039, 6.527075024000055 ], [ 3.373839798000063, 6.527295007000021 ], [ 3.374084057000061, 6.527513424000063 ], [ 3.374299596000071, 6.52772707500003 ], [ 3.374550183000053, 6.527873685000031 ], [ 3.374559331000057, 6.527923223000073 ], [ 3.375046058000066, 6.528094389000046 ], [ 3.37520564600004, 6.528158095000038 ], [ 3.375754365000034, 6.528556588000072 ], [ 3.375933987000053, 6.528741943000057 ], [ 3.37606577300005, 6.528962737000029 ], [ 3.37607618200002, 6.528977825000027 ], [ 3.376122997000039, 6.528939725000043 ], [ 3.376615230000027, 6.528470648000052 ], [ 3.377059656000029, 6.528077397000061 ], [ 3.377374484000029, 6.527724133000049 ], [ 3.377647457000023, 6.527402813000037 ], [ 3.378182103000029, 6.527649731000054 ], [ 3.378467370000067, 6.527767193000045 ], [ 3.378738629000054, 6.52782084100005 ], [ 3.379235190000031, 6.527808500000049 ], [ 3.379226773000028, 6.527224115000024 ], [ 3.379234207000025, 6.526502097000048 ], [ 3.379563250000047, 6.526489883000067 ], [ 3.379914259000032, 6.526517541000032 ], [ 3.380428794000068, 6.526541087000055 ], [ 3.380923004000067, 6.526568780000048 ], [ 3.380946315000074, 6.526480163000031 ], [ 3.381034158000034, 6.526185228000031 ], [ 3.381137266000053, 6.525822628000071 ], [ 3.38123657400007, 6.525498326000047 ], [ 3.381316759000072, 6.525203397000041 ], [ 3.381340943000055, 6.525116578000052 ], [ 3.381552745000022, 6.525028340000063 ], [ 3.382162654000069, 6.524803217000056 ], [ 3.38209226500004, 6.524549249000074 ], [ 3.382043641000053, 6.524385896000069 ], [ 3.382045170000026, 6.524038120000057 ], [ 3.382182491000037, 6.524031938000064 ], [ 3.383845688000065, 6.524030675000063 ], [ 3.384667317000037, 6.524032043000034 ], [ 3.385469003000026, 6.524033425000027 ], [ 3.386079011000049, 6.524036723000052 ], [ 3.387431099000025, 6.524026112000058 ], [ 3.38804131400002, 6.523996922000038 ], [ 3.388852490000033, 6.523890987000073 ], [ 3.389656498000022, 6.523801810000066 ], [ 3.390202072000022, 6.52373676600007 ], [ 3.39051315100005, 6.523707804000026 ], [ 3.392702770000028, 6.52363669500005 ], [ 3.394016543000021, 6.523597375000065 ], [ 3.395356617000061, 6.523529311000061 ], [ 3.396017076000021, 6.523488105000069 ], [ 3.396179804000042, 6.523485584000071 ], [ 3.396493400000054, 6.523614581000061 ], [ 3.396739876000026, 6.523600027000043 ], [ 3.397082100000034, 6.523616511000057 ], [ 3.397464982000031, 6.523601849000045 ], [ 3.397766469000032, 6.52354895600007 ], [ 3.398032046000026, 6.523479338000072 ], [ 3.398058442000035, 6.523570267000025 ], [ 3.39811527400002, 6.523636583000041 ], [ 3.398209291000057, 6.523677851000059 ], [ 3.398403335000069, 6.523936185000025 ], [ 3.39854224000004, 6.524070106000067 ], [ 3.398604456000044, 6.524065270000051 ], [ 3.398647492000066, 6.524014975000057 ], [ 3.398862836000035, 6.523971723000045 ], [ 3.398927502000049, 6.524038688000076 ], [ 3.399092659000075, 6.524081638000041 ], [ 3.399372676000041, 6.52411492400006 ], [ 3.39984830800006, 6.523963337000055 ], [ 3.400320161000025, 6.523885985000049 ], [ 3.401887260000024, 6.519971749000035 ], [ 3.402865577000057, 6.517612029000077 ], [ 3.40464098800004, 6.516124782000077 ], [ 3.405084523000028, 6.515358537000054 ], [ 3.404250810000065, 6.507011006000027 ], [ 3.403759683000033, 6.505709386000035 ], [ 3.399539533000052, 6.494974952000064 ], [ 3.397867026000029, 6.490917047000039 ], [ 3.397116736000044, 6.491086132000021 ], [ 3.389893603000075, 6.49284244200004 ], [ 3.390436713000042, 6.492107916000066 ], [ 3.391568813000049, 6.490559942000061 ], [ 3.393068054000025, 6.488490874000036 ], [ 3.392868429000032, 6.487801726000043 ], [ 3.393358059000036, 6.487234587000046 ], [ 3.393449626000063, 6.486820935000026 ], [ 3.393250132000048, 6.486300283000048 ], [ 3.393295755000054, 6.485886666000056 ], [ 3.393785061000074, 6.484905945000037 ], [ 3.393739022000034, 6.484783438000022 ], [ 3.392967429000066, 6.483307270000068 ], [ 3.392680133000056, 6.483116020000068 ], [ 3.392029207000064, 6.483039934000033 ], [ 3.391377440000042, 6.481872452000061 ], [ 3.391396258000043, 6.481451197000069 ], [ 3.390993914000035, 6.481011119000073 ], [ 3.390630284000054, 6.481126283000037 ], [ 3.390687448000051, 6.48078158800007 ], [ 3.39015039800006, 6.479422542000066 ], [ 3.389767244000041, 6.47903989100007 ], [ 3.389870657000074, 6.478622527000027 ], [ 3.38890527600006, 6.477872694000041 ], [ 3.388169514000026, 6.476992480000035 ], [ 3.387871089000043, 6.477260771000033 ], [ 3.38774846900003, 6.477123004000021 ], [ 3.387794359000054, 6.477054038000063 ], [ 3.387993247000054, 6.476793483000051 ], [ 3.387870697000039, 6.476747623000051 ], [ 3.387748311000053, 6.476916213000038 ], [ 3.387633477000065, 6.476946936000047 ], [ 3.387664018000066, 6.476832029000036 ], [ 3.387518473000057, 6.476755551000053 ], [ 3.387395988000037, 6.476793939000061 ], [ 3.387304294000046, 6.477046754000071 ], [ 3.387189419000038, 6.477023864000046 ], [ 3.387135708000073, 6.476878386000067 ], [ 3.387166179000076, 6.476671572000043 ], [ 3.387012989000027, 6.476610417000074 ], [ 3.386798618000057, 6.476648875000024 ], [ 3.386653097000021, 6.476603032000071 ], [ 3.386675940000032, 6.476434518000076 ], [ 3.386568699000065, 6.476380988000074 ], [ 3.386515006000025, 6.476258486000063 ], [ 3.386216423000064, 6.476319984000042 ], [ 3.386132020000048, 6.47609028100004 ], [ 3.385794959000066, 6.475899064000032 ], [ 3.385656962000041, 6.475677060000066 ], [ 3.385526668000068, 6.475516321000043 ], [ 3.385258587000067, 6.475409300000024 ], [ 3.385159079000061, 6.475455329000056 ] ] ] ] } }
]
}
